Date,Open,High,Low,Close,Volume
02/01/2015 16:00:00,27.85,27.86,26.84,27.33,53204626
05/01/2015 16:00:00,27.07,27.16,26.35,26.56,64285491
06/01/2015 16:00:00,26.64,26.86,26.16,26.57,65797116
07/01/2015 16:00:00,26.8,27.05,26.67,26.94,40105934
08/01/2015 16:00:00,27.31,28.04,27.18,27.97,59364547
09/01/2015 16:00:00,28.17,28.31,27.55,28,53699527
12/01/2015 16:00:00,28.15,28.16,27.2,27.31,49650790
13/01/2015 16:00:00,27.86,28.2,27.23,27.56,67091928
14/01/2015 16:00:00,27.26,27.62,27.13,27.45,48956588
15/01/2015 16:00:00,27.5,27.52,26.67,26.71,60013996
16/01/2015 16:00:00,26.76,26.9,26.3,26.5,78513345
20/01/2015 16:00:00,26.96,27.24,26.63,27.18,49899907
21/01/2015 16:00:00,27.24,27.77,27.07,27.39,48575897
22/01/2015 16:00:00,27.57,28.12,27.43,28.1,53796409
23/01/2015 16:00:00,28.08,28.44,27.88,28.25,46464828
26/01/2015 16:00:00,28.44,28.59,28.2,28.28,55614979
27/01/2015 16:00:00,28.11,28.12,27.26,27.29,95568749
28/01/2015 16:00:00,29.41,29.53,28.83,28.83,146477063
29/01/2015 16:00:00,29.08,29.8,28.89,29.73,84436432
30/01/2015 16:00:00,29.6,30,29.21,29.29,83745461
02/02/2015 16:00:00,29.51,29.79,29.02,29.66,62739100
03/02/2015 16:00:00,29.63,29.77,29.4,29.66,51915749
04/02/2015 16:00:00,29.63,30.13,29.58,29.89,70149743
05/02/2015 16:00:00,30.01,30.06,29.81,29.99,42246245
06/02/2015 16:00:00,30.01,30.06,29.61,29.73,43706567
09/02/2015 16:00:00,29.64,29.96,29.61,29.93,38889797
10/02/2015 16:00:00,30.04,30.54,30.04,30.51,62008506
11/02/2015 16:00:00,30.69,31.23,30.63,31.22,73561797
12/02/2015 16:00:00,31.52,31.87,31.39,31.62,74474466
13/02/2015 16:00:00,31.82,31.82,31.41,31.77,54272219
17/02/2015 16:00:00,31.85,32.22,31.73,31.96,63152405
18/02/2015 16:00:00,31.91,32.2,31.86,32.18,44891737
19/02/2015 16:00:00,32.12,32.26,32.08,32.11,37362381
20/02/2015 16:00:00,32.16,32.38,32.01,32.37,48948419
23/02/2015 16:00:00,32.51,33.25,32.42,33.25,70974110
24/02/2015 16:00:00,33.24,33.4,32.79,33.04,69228130
25/02/2015 16:00:00,32.89,32.9,32.04,32.2,74711746
26/02/2015 16:00:00,32.2,32.72,31.65,32.6,91287529
27/02/2015 16:00:00,32.5,32.64,32.06,32.12,62014847
02/03/2015 16:00:00,32.31,32.57,32.08,32.27,48096663
03/03/2015 16:00:00,32.24,32.38,32.02,32.34,37816283
04/03/2015 16:00:00,32.28,32.39,32.08,32.14,31666340
05/03/2015 16:00:00,32.15,32.19,31.44,31.6,56517146
06/03/2015 16:00:00,32.1,32.34,31.57,31.65,72842060
09/03/2015 16:00:00,31.99,32.39,31.27,31.79,88528487
10/03/2015 16:00:00,31.6,31.81,30.95,31.13,68856582
11/03/2015 16:00:00,31.19,31.19,30.53,30.56,68938974
12/03/2015 16:00:00,30.58,31.23,30.41,31.11,48362719
13/03/2015 16:00:00,31.1,31.35,30.65,30.9,51827283
16/03/2015 16:00:00,30.97,31.24,30.72,31.24,35874300
17/03/2015 16:00:00,31.48,31.83,31.41,31.76,51023104
18/03/2015 16:00:00,31.75,32.29,31.59,32.12,65270945
19/03/2015 16:00:00,32.19,32.31,31.85,31.87,45809490
20/03/2015 16:00:00,32.06,32.1,31.29,31.48,68695136
23/03/2015 16:00:00,31.78,31.96,31.63,31.8,37709674
24/03/2015 16:00:00,31.81,32.01,31.64,31.67,32842304
25/03/2015 16:00:00,31.64,31.71,30.85,30.85,51655177
26/03/2015 16:00:00,30.69,31.22,30.65,31.06,47572869
27/03/2015 16:00:00,31.14,31.18,30.73,30.81,39546151
30/03/2015 16:00:00,31.03,31.6,31,31.59,47099670
31/03/2015 16:00:00,31.52,31.62,31.09,31.11,42090553
01/04/2015 16:00:00,31.21,31.28,30.78,31.06,40621437
02/04/2015 16:00:00,31.26,31.39,31.05,31.33,32220131
06/04/2015 16:00:00,31.12,31.88,31.08,31.84,37193975
07/04/2015 16:00:00,31.91,32.03,31.5,31.5,35012268
08/04/2015 16:00:00,31.46,31.6,31.24,31.4,37329243
09/04/2015 16:00:00,31.46,31.65,31.17,31.64,32483974
10/04/2015 16:00:00,31.49,31.8,31.32,31.78,40187953
13/04/2015 16:00:00,32.09,32.14,31.65,31.71,36365123
14/04/2015 16:00:00,31.75,31.82,31.48,31.58,25524593
15/04/2015 16:00:00,31.6,31.78,31.5,31.7,28970419
16/04/2015 16:00:00,31.57,31.78,31.53,31.54,28368987
17/04/2015 16:00:00,31.39,31.54,31.12,31.19,51957046
20/04/2015 16:00:00,31.39,32.03,31.29,31.9,47054310
21/04/2015 16:00:00,32.03,32.05,31.67,31.73,32435057
22/04/2015 16:00:00,31.75,32.22,31.58,32.16,37654505
23/04/2015 16:00:00,32.08,32.6,32.03,32.42,45770902
24/04/2015 16:00:00,32.62,32.66,32.31,32.57,44525905
27/04/2015 16:00:00,33.08,33.28,32.79,33.16,96954207
28/04/2015 16:00:00,33.61,33.64,32.39,32.64,118923970
29/04/2015 16:00:00,32.54,32.9,32.08,32.16,63386083
30/04/2015 16:00:00,31.88,31.97,31.15,31.29,83195423
01/05/2015 16:00:00,31.53,32.53,31.33,32.24,58512638
04/05/2015 16:00:00,32.38,32.64,32.07,32.17,50988278
05/05/2015 16:00:00,32.04,32.11,31.45,31.45,49271416
06/05/2015 16:00:00,31.64,31.69,30.84,31.25,72141010
07/05/2015 16:00:00,31.19,31.52,31.01,31.32,43940895
08/05/2015 16:00:00,31.67,31.91,31.53,31.91,55550382
11/05/2015 16:00:00,31.85,31.89,31.41,31.58,42035757
12/05/2015 16:00:00,31.4,31.72,31.21,31.47,48160032
13/05/2015 16:00:00,31.54,31.8,31.47,31.5,34694235
14/05/2015 16:00:00,31.85,32.24,31.79,32.24,45203456
15/05/2015 16:00:00,32.27,32.37,32.05,32.19,38208034
18/05/2015 16:00:00,32.1,32.68,32.09,32.55,50882918
19/05/2015 16:00:00,32.67,32.72,32.41,32.52,44633240
20/05/2015 16:00:00,32.5,32.74,32.34,32.52,36454932
21/05/2015 16:00:00,32.52,32.91,32.46,32.85,39730364
22/05/2015 16:00:00,32.9,33.24,32.85,33.14,45595972
26/05/2015 16:00:00,33.15,33.23,32.28,32.41,70697560
27/05/2015 16:00:00,32.59,33.07,32.51,33.01,45833246
28/05/2015 16:00:00,32.97,32.99,32.78,32.95,30733309
29/05/2015 16:00:00,32.81,32.86,32.48,32.57,50884452
01/06/2015 16:00:00,32.8,32.85,32.51,32.63,32112797
02/06/2015 16:00:00,32.47,32.66,32.33,32.49,33667627
03/06/2015 16:00:00,32.67,32.74,32.48,32.53,30983542
04/06/2015 16:00:00,32.4,32.65,32.23,32.34,38450118
05/06/2015 16:00:00,32.38,32.42,32.09,32.16,35626800
08/06/2015 16:00:00,32.23,32.3,31.71,31.95,52674786
09/06/2015 16:00:00,31.68,32.02,31.41,31.86,56075420
10/06/2015 16:00:00,31.98,32.34,31.96,32.22,39087250
11/06/2015 16:00:00,32.3,32.55,32.12,32.15,35390887
12/06/2015 16:00:00,32.05,32.08,31.78,31.79,36886246
15/06/2015 16:00:00,31.53,31.81,31.43,31.73,43988946
16/06/2015 16:00:00,31.76,31.96,31.59,31.9,31494131
17/06/2015 16:00:00,31.93,31.97,31.69,31.83,32918071
18/06/2015 16:00:00,31.81,32.08,31.81,31.97,35407220
19/06/2015 16:00:00,31.93,31.96,31.6,31.65,54716887
22/06/2015 16:00:00,31.87,32.02,31.77,31.9,34039345
23/06/2015 16:00:00,31.87,31.9,31.72,31.76,30268863
24/06/2015 16:00:00,31.8,32.45,31.78,32.03,55280855
25/06/2015 16:00:00,32.22,32.3,31.88,31.88,31938100
26/06/2015 16:00:00,31.92,32,31.63,31.69,44066841
29/06/2015 16:00:00,31.37,31.62,31.12,31.13,49161427
30/06/2015 16:00:00,31.39,31.53,31.22,31.36,44370682
01/07/2015 16:00:00,31.73,31.74,31.5,31.65,30238811
02/07/2015 16:00:00,31.61,31.67,31.44,31.61,27210952
06/07/2015 16:00:00,31.24,31.56,31.21,31.5,28060431
07/07/2015 16:00:00,31.47,31.54,30.94,31.42,46946811
08/07/2015 16:00:00,31.12,31.16,30.64,30.64,60761614
09/07/2015 16:00:00,30.96,31.02,29.81,30.02,78595038
10/07/2015 16:00:00,30.49,30.96,30.3,30.82,61354474
13/07/2015 16:00:00,31.26,31.44,31.08,31.42,41440538
14/07/2015 16:00:00,31.51,31.59,31.26,31.4,31768139
15/07/2015 16:00:00,31.43,31.79,31.4,31.71,33649200
16/07/2015 16:00:00,31.94,32.14,31.84,32.13,36222447
17/07/2015 16:00:00,32.27,32.41,32.08,32.41,46164710
20/07/2015 16:00:00,32.74,33.24,32.67,33.02,58900203
21/07/2015 16:00:00,33.21,33.23,32.58,32.69,76756427
22/07/2015 16:00:00,30.5,31.38,30.5,31.31,115450607
23/07/2015 16:00:00,31.55,31.77,31.27,31.29,50999452
24/07/2015 16:00:00,31.33,31.44,30.98,31.13,42162332
27/07/2015 16:00:00,30.77,30.9,30.53,30.69,44455540
28/07/2015 16:00:00,30.85,30.98,30.64,30.85,33618097
29/07/2015 16:00:00,30.79,30.88,30.57,30.75,37011653
30/07/2015 16:00:00,30.58,30.64,30.43,30.59,33628268
31/07/2015 16:00:00,30.65,30.66,30.23,30.33,42884953
03/08/2015 16:00:00,30.38,30.64,29.38,29.61,69975968
04/08/2015 16:00:00,29.36,29.43,28.31,28.66,124138623
05/08/2015 16:00:00,28.24,29.36,28.03,28.85,99312613
06/08/2015 16:00:00,28.99,29.13,28.53,28.78,52903040
07/08/2015 16:00:00,28.65,29.06,28.63,28.88,38670405
10/08/2015 16:00:00,29.13,30,29.13,29.93,54951597
11/08/2015 16:00:00,29.45,29.55,28.33,28.37,97082814
12/08/2015 16:00:00,28.13,28.86,27.41,28.81,101685610
13/08/2015 16:00:00,29.01,29.1,28.64,28.79,48535789
14/08/2015 16:00:00,28.58,29.08,28.5,28.99,42929516
17/08/2015 16:00:00,29.01,29.41,28.88,29.29,40884745
18/08/2015 16:00:00,29.11,29.36,29,29.13,34560708
19/08/2015 16:00:00,29.03,29.13,28.67,28.75,48286510
20/08/2015 16:00:00,28.52,28.59,27.91,28.16,68501622
21/08/2015 16:00:00,27.61,27.98,26.41,26.44,128275471
24/08/2015 16:00:00,23.72,27.2,23,25.78,162206292
25/08/2015 16:00:00,27.78,27.78,25.88,25.94,103601599
26/08/2015 16:00:00,26.77,27.47,26.26,27.42,96774611
27/08/2015 16:00:00,28.06,28.31,27.51,28.23,84616056
28/08/2015 16:00:00,28.04,28.33,27.89,28.32,53164407
31/08/2015 16:00:00,28.01,28.63,28,28.19,56229271
01/09/2015 16:00:00,27.54,27.97,26.84,26.93,76845860
02/09/2015 16:00:00,27.56,28.09,27.28,28.09,61888812
03/09/2015 16:00:00,28.12,28.2,27.51,27.59,53233940
04/09/2015 16:00:00,27.24,27.61,27.13,27.32,49996311
08/09/2015 16:00:00,27.91,28.14,27.58,28.08,54843626
09/09/2015 16:00:00,28.44,28.51,27.44,27.54,85010804
10/09/2015 16:00:00,27.57,28.32,27.48,28.14,62892831
11/09/2015 16:00:00,27.95,28.55,27.94,28.55,49915473
14/09/2015 16:00:00,29.15,29.22,28.72,28.83,58363431
15/09/2015 16:00:00,28.98,29.13,28.61,29.07,43341155
16/09/2015 16:00:00,29.06,29.14,28.86,29.1,37173489
17/09/2015 16:00:00,28.92,29.12,28.43,28.48,64112641
18/09/2015 16:00:00,28.05,28.58,27.97,28.36,74285291
21/09/2015 16:00:00,28.42,28.84,28.42,28.8,50221965
22/09/2015 16:00:00,28.35,28.55,28.13,28.35,50346159
23/09/2015 16:00:00,28.41,28.68,28.33,28.58,35756716
24/09/2015 16:00:00,28.31,28.88,28.09,28.75,50219475
25/09/2015 16:00:00,29.11,29.17,28.51,28.68,56151926
28/09/2015 16:00:00,28.46,28.64,28.11,28.11,52109011
29/09/2015 16:00:00,28.21,28.38,26.97,27.27,73365384
30/09/2015 16:00:00,27.54,27.89,27.18,27.58,66473033
01/10/2015 16:00:00,27.27,27.41,26.83,27.4,63929100
02/10/2015 16:00:00,27,27.75,26.89,27.6,58019758
05/10/2015 16:00:00,27.47,27.84,27.27,27.7,52064743
06/10/2015 16:00:00,27.66,27.94,27.44,27.83,48856977
07/10/2015 16:00:00,27.94,27.94,27.35,27.7,46765550
08/10/2015 16:00:00,27.55,27.55,27.05,27.38,61979577
09/10/2015 16:00:00,27.5,28.07,27.37,28.03,52766140
12/10/2015 16:00:00,28.18,28.19,27.86,27.9,30467204
13/10/2015 16:00:00,27.71,28.11,27.67,27.95,33049256
14/10/2015 16:00:00,27.82,27.88,27.39,27.55,44462449
15/10/2015 16:00:00,27.73,28.03,27.62,27.97,37673452
16/10/2015 16:00:00,27.95,28,27.63,27.76,39232609
19/10/2015 16:00:00,27.7,27.94,27.53,27.93,29759153
20/10/2015 16:00:00,27.84,28.54,27.71,28.44,48967763
21/10/2015 16:00:00,28.5,28.9,28.43,28.44,42326974
22/10/2015 16:00:00,28.58,28.88,28.53,28.88,41654089
23/10/2015 16:00:00,29.18,29.81,29.08,29.77,59366914
26/10/2015 16:00:00,29.52,29.53,28.73,28.82,66333781
27/10/2015 16:00:00,28.85,29.14,28.5,28.64,69884400
28/10/2015 16:00:00,29.23,29.83,29.02,29.82,85551352
29/10/2015 16:00:00,29.68,30.17,29.57,30.13,51227334
30/10/2015 16:00:00,30.25,30.31,29.86,29.88,49365254
02/11/2015 16:00:00,29.97,30.34,29.9,30.3,32203267
03/11/2015 16:00:00,30.2,30.87,30.18,30.64,45518976
04/11/2015 16:00:00,30.78,30.96,30.41,30.5,44886050
05/11/2015 16:00:00,30.46,30.67,30.05,30.23,39552680
06/11/2015 16:00:00,30.28,30.45,30.16,30.27,33042283
09/11/2015 16:00:00,30.24,30.45,30.01,30.14,33871405
10/11/2015 16:00:00,29.23,29.52,29.02,29.19,59127931
11/11/2015 16:00:00,29.09,29.36,28.8,29.03,45217971
12/11/2015 16:00:00,29.07,29.21,28.91,28.93,32525579
13/11/2015 16:00:00,28.8,28.89,28.07,28.09,45812403
16/11/2015 16:00:00,27.85,28.56,27.75,28.54,38106701
17/11/2015 16:00:00,28.73,28.76,28.33,28.42,27616939
18/11/2015 16:00:00,28.94,29.37,28.88,29.32,46674697
19/11/2015 16:00:00,29.41,29.94,29.19,29.7,43295820
20/11/2015 16:00:00,29.8,29.98,29.71,29.83,34287096
23/11/2015 16:00:00,29.82,29.93,29.34,29.44,32482528
24/11/2015 16:00:00,29.33,29.84,29.28,29.72,42803172
25/11/2015 16:00:00,29.8,29.81,29.48,29.51,21388308
27/11/2015 16:00:00,29.57,29.6,29.4,29.45,13046445
30/11/2015 16:00:00,29.5,29.85,29.44,29.58,39180322
01/12/2015 16:00:00,29.69,29.7,29.22,29.34,34852374
02/12/2015 16:00:00,29.26,29.53,29.02,29.07,33386563
03/12/2015 16:00:00,29.14,29.2,28.56,28.8,41569509
04/12/2015 16:00:00,28.82,29.81,28.78,29.76,57776977
07/12/2015 16:00:00,29.75,29.97,29.45,29.57,32084249
08/12/2015 16:00:00,29.38,29.65,29.22,29.56,34309450
09/12/2015 16:00:00,29.41,29.42,28.77,28.91,46361357
10/12/2015 16:00:00,29.01,29.24,28.88,29.04,29212727
11/12/2015 16:00:00,28.8,28.85,28.21,28.3,46886161
14/12/2015 16:00:00,28.05,28.17,27.45,28.12,65003609
15/12/2015 16:00:00,27.99,28.2,27.59,27.62,53323105
16/12/2015 16:00:00,27.77,28,27.2,27.84,56238467
17/12/2015 16:00:00,28.01,28.06,27.25,27.25,44772827
18/12/2015 16:00:00,27.23,27.38,26.45,26.51,96453327
21/12/2015 16:00:00,26.82,26.84,26.39,26.83,47590610
22/12/2015 16:00:00,26.85,26.93,26.61,26.81,32789367
23/12/2015 16:00:00,26.82,27.21,26.8,27.15,32657354
24/12/2015 16:00:00,27.25,27.25,26.99,27.01,13596680
28/12/2015 16:00:00,26.9,26.92,26.55,26.71,26704210
29/12/2015 16:00:00,26.74,27.36,26.72,27.19,30931243
30/12/2015 16:00:00,27.15,27.18,26.8,26.83,25213777
31/12/2015 16:00:00,26.75,26.76,26.21,26.32,40912316
04/01/2016 16:00:00,25.65,26.34,25.5,26.34,67649387
05/01/2016 16:00:00,26.44,26.46,25.6,25.68,55790992
06/01/2016 16:00:00,25.14,25.59,24.97,25.18,68457388
07/01/2016 16:00:00,24.67,25.03,24.11,24.11,81094428
08/01/2016 16:00:00,24.64,24.78,24.19,24.24,70798016
11/01/2016 16:00:00,24.74,24.77,24.34,24.63,49739377
12/01/2016 16:00:00,25.14,25.17,24.71,24.99,49154227
13/01/2016 16:00:00,25.08,25.3,24.33,24.35,62439631
14/01/2016 16:00:00,24.49,25.12,23.94,24.88,63170127
15/01/2016 16:00:00,24.05,24.43,23.84,24.28,79833891
19/01/2016 16:00:00,24.6,24.66,23.88,24.17,53087747
20/01/2016 16:00:00,23.78,24.55,23.36,24.2,72334416
21/01/2016 16:00:00,24.27,24.47,23.74,24.08,52161463
22/01/2016 16:00:00,24.66,25.37,24.59,25.36,65800467
25/01/2016 16:00:00,25.38,25.38,24.8,24.86,51794525
26/01/2016 16:00:00,24.98,25.22,24.52,25,75077002
27/01/2016 16:00:00,24.01,24.16,23.34,23.36,133369674
28/01/2016 16:00:00,23.45,23.63,23.1,23.52,55678825
29/01/2016 16:00:00,23.7,24.34,23.59,24.34,64416504
01/02/2016 16:00:00,24.12,24.18,23.85,24.11,40943541
02/02/2016 16:00:00,23.86,24.01,23.57,23.62,37357215
03/02/2016 16:00:00,23.75,24.21,23.52,24.09,45964294
04/02/2016 16:00:00,23.97,24.33,23.8,24.15,46471652
05/02/2016 16:00:00,24.13,24.23,23.42,23.51,46418064
08/02/2016 16:00:00,23.28,23.93,23.26,23.75,54021375
09/02/2016 16:00:00,23.57,23.99,23.48,23.75,44331195
10/02/2016 16:00:00,23.98,24.09,23.53,23.57,42343601
11/02/2016 16:00:00,23.45,23.68,23.15,23.43,50074711
12/02/2016 16:00:00,23.55,23.63,23.25,23.5,40351381
16/02/2016 16:00:00,23.76,24.21,23.65,24.16,49057916
17/02/2016 16:00:00,24.17,24.55,24.04,24.53,44863243
18/02/2016 16:00:00,24.71,24.72,24.02,24.07,39020983
19/02/2016 16:00:00,24,24.19,23.95,24.01,35374173
22/02/2016 16:00:00,24.08,24.23,23.98,24.22,34280758
23/02/2016 16:00:00,24.1,24.13,23.64,23.67,31942633
24/02/2016 16:00:00,23.5,24.1,23.33,24.03,36255745
25/02/2016 16:00:00,24.01,24.19,23.81,24.19,27582659
26/02/2016 16:00:00,24.3,24.51,24.15,24.23,28991131
29/02/2016 16:00:00,24.22,24.56,24.16,24.17,35216277
01/03/2016 16:00:00,24.41,25.19,24.36,25.13,50407147
02/03/2016 16:00:00,25.13,25.22,24.91,25.19,33169560
03/03/2016 16:00:00,25.15,25.43,25.11,25.38,36955742
04/03/2016 16:00:00,25.59,25.94,25.34,25.75,46055100
07/03/2016 16:00:00,25.6,25.71,25.24,25.47,35915810
08/03/2016 16:00:00,25.2,25.44,25.1,25.26,31561889
09/03/2016 16:00:00,25.33,25.4,25.07,25.28,27201683
10/03/2016 16:00:00,25.35,25.56,25.04,25.29,33513577
11/03/2016 16:00:00,25.56,25.57,25.38,25.57,27408237
14/03/2016 16:00:00,25.48,25.73,25.45,25.63,25076062
15/03/2016 16:00:00,25.99,26.3,25.96,26.15,40067734
16/03/2016 16:00:00,26.15,26.58,26.15,26.49,38303493
17/03/2016 16:00:00,26.38,26.62,26.24,26.45,14894744
18/03/2016 16:00:00,26.59,26.63,26.3,26.48,44205171
21/03/2016 16:00:00,26.48,26.91,26.29,26.48,35502678
22/03/2016 16:00:00,26.31,26.82,26.3,26.68,32444375
23/03/2016 16:00:00,26.62,26.77,26.48,26.53,25703495
24/03/2016 16:00:00,26.37,26.56,26.22,26.42,26132955
28/03/2016 16:00:00,26.5,26.55,26.27,26.3,19411372
29/03/2016 16:00:00,26.22,26.95,26.22,26.92,31190083
30/03/2016 16:00:00,27.16,27.61,27.15,27.39,45601149
31/03/2016 16:00:00,27.43,27.48,27.22,27.25,25888449
01/04/2016 16:00:00,27.2,27.5,27.05,27.5,25873950
04/04/2016 16:00:00,27.61,28.05,27.57,27.78,37356204
05/04/2016 16:00:00,27.38,27.68,27.36,27.45,26578652
06/04/2016 16:00:00,27.56,27.75,27.3,27.74,26404077
07/04/2016 16:00:00,27.49,27.61,27.03,27.14,31801870
08/04/2016 16:00:00,27.23,27.44,27.04,27.17,23581740
11/04/2016 16:00:00,27.24,27.65,27.21,27.26,29407518
12/04/2016 16:00:00,27.34,27.63,27.17,27.61,27232325
13/04/2016 16:00:00,27.7,28.09,27.7,28.01,33257316
14/04/2016 16:00:00,27.91,28.1,27.83,28.03,25473923
15/04/2016 16:00:00,28.03,28.08,27.43,27.46,46938969
18/04/2016 16:00:00,27.22,27.24,26.74,26.87,60821461
19/04/2016 16:00:00,26.97,27,26.56,26.73,32384879
20/04/2016 16:00:00,26.66,27.02,26.52,26.78,30611030
21/04/2016 16:00:00,26.73,26.73,26.38,26.49,31552525
22/04/2016 16:00:00,26.25,26.62,26.16,26.42,33683121
25/04/2016 16:00:00,26.25,26.41,26.13,26.27,28031588
26/04/2016 16:00:00,25.98,26.33,25.98,26.09,56016165
27/04/2016 16:00:00,24,24.68,23.92,24.46,114602142
28/04/2016 16:00:00,24.4,24.47,23.56,23.71,82242690
29/04/2016 16:00:00,23.5,23.68,23.13,23.44,68531478
02/05/2016 16:00:00,23.49,23.52,23.1,23.41,48160104
03/05/2016 16:00:00,23.55,23.94,23.42,23.8,56831277
04/05/2016 16:00:00,23.8,23.98,23.46,23.55,41025475
05/05/2016 16:00:00,23.5,23.52,23.17,23.31,35890500
06/05/2016 16:00:00,23.34,23.36,22.96,23.18,43699886
09/05/2016 16:00:00,23.25,23.44,23.15,23.2,32936436
10/05/2016 16:00:00,23.33,23.39,23.03,23.36,33686836
11/05/2016 16:00:00,23.37,23.39,23.12,23.13,28719109
12/05/2016 16:00:00,23.18,23.2,22.37,22.59,76314690
13/05/2016 16:00:00,22.5,22.92,22.5,22.63,44392765
16/05/2016 16:00:00,23.1,23.6,22.91,23.47,61259756
17/05/2016 16:00:00,23.64,23.68,23.25,23.37,46916939
18/05/2016 16:00:00,23.54,23.8,23.47,23.64,42062391
19/05/2016 16:00:00,23.66,23.66,23.39,23.55,30442100
20/05/2016 16:00:00,23.66,23.86,23.63,23.81,32025968
23/05/2016 16:00:00,23.97,24.3,23.92,24.11,38018643
24/05/2016 16:00:00,24.31,24.52,24.21,24.48,35140174
25/05/2016 16:00:00,24.67,24.94,24.53,24.91,38642108
26/05/2016 16:00:00,24.92,25.18,24.66,25.1,56331159
27/05/2016 16:00:00,24.86,25.12,24.81,25.09,36341240
31/05/2016 16:00:00,24.9,25.1,24.71,24.97,42307212
01/06/2016 16:00:00,24.76,24.89,24.58,24.62,29173285
02/06/2016 16:00:00,24.4,24.46,24.16,24.43,40191600
03/06/2016 16:00:00,24.45,24.57,24.36,24.48,28504888
06/06/2016 16:00:00,24.5,25.47,24.39,24.66,23292504
07/06/2016 16:00:00,24.81,24.97,24.74,24.76,22409450
08/06/2016 16:00:00,24.76,24.89,24.67,24.74,20848131
09/06/2016 16:00:00,24.63,25,24.62,24.91,26601354
10/06/2016 16:00:00,24.63,24.84,24.62,24.71,31712936
13/06/2016 16:00:00,24.67,24.78,24.28,24.34,38020494
14/06/2016 16:00:00,24.33,24.62,24.19,24.37,31931944
15/06/2016 16:00:00,24.46,24.6,24.26,24.29,29445227
16/06/2016 16:00:00,24.11,24.44,24.02,24.39,31326815
17/06/2016 16:00:00,24.16,24.16,23.83,23.83,61008219
20/06/2016 16:00:00,24,24.14,23.76,23.78,34411901
21/06/2016 16:00:00,23.74,24.09,23.67,23.98,35546358
22/06/2016 16:00:00,24.06,24.22,23.84,23.89,29219122
23/06/2016 16:00:00,23.99,24.07,23.81,24.03,32240187
24/06/2016 16:00:00,23.23,23.66,23.16,23.35,75311356
27/06/2016 16:00:00,23.25,23.26,22.88,23.01,46622188
28/06/2016 16:00:00,23.23,23.42,23.04,23.4,40444914
29/06/2016 16:00:00,23.49,23.64,23.41,23.6,36531006
30/06/2016 16:00:00,23.61,23.94,23.58,23.9,35836356
01/07/2016 16:00:00,23.87,24.12,23.83,23.97,26026540
05/07/2016 16:00:00,23.85,23.85,23.62,23.75,27705210
06/07/2016 16:00:00,23.65,23.92,23.59,23.88,30949090
07/07/2016 16:00:00,23.93,24.13,23.91,23.99,25139558
08/07/2016 16:00:00,24.12,24.22,24.01,24.17,28912103
11/07/2016 16:00:00,24.19,24.41,24.18,24.25,23794945
12/07/2016 16:00:00,24.29,24.43,24.28,24.36,24167463
13/07/2016 16:00:00,24.35,24.42,24.21,24.22,25892171
14/07/2016 16:00:00,24.35,24.75,24.33,24.7,38918997
15/07/2016 16:00:00,24.73,24.83,24.63,24.7,30136990
18/07/2016 16:00:00,24.68,25.03,24.65,24.96,36493867
19/07/2016 16:00:00,24.89,25,24.84,24.97,23779924
20/07/2016 16:00:00,25,25.12,24.93,24.99,26275968
21/07/2016 16:00:00,24.96,25.25,24.78,24.86,32702028
22/07/2016 16:00:00,24.82,24.83,24.58,24.67,28313669
25/07/2016 16:00:00,24.56,24.71,24.23,24.34,40382921
26/07/2016 16:00:00,24.21,24.49,24.11,24.17,56239822
27/07/2016 16:00:00,26.07,26.09,25.69,25.74,92344820
28/07/2016 16:00:00,25.71,26.11,25.71,26.09,39869839
29/07/2016 16:00:00,26.05,26.14,25.92,26.05,27733688
01/08/2016 16:00:00,26.1,26.54,26.1,26.51,38167871
02/08/2016 16:00:00,26.51,26.52,26,26.12,33816556
03/08/2016 16:00:00,26.2,26.46,26.19,26.45,30202641
04/08/2016 16:00:00,26.4,26.5,26.32,26.47,27408650
05/08/2016 16:00:00,26.57,26.91,26.55,26.87,40553402
08/08/2016 16:00:00,26.88,27.09,26.79,27.09,28037220
09/08/2016 16:00:00,27.06,27.24,27,27.2,26315204
10/08/2016 16:00:00,27.18,27.23,26.94,27,24008505
11/08/2016 16:00:00,27.13,27.23,26.96,26.98,27484506
12/08/2016 16:00:00,26.95,27.11,26.95,27.05,18660434
15/08/2016 16:00:00,27.04,27.39,27.02,27.37,25868209
16/08/2016 16:00:00,27.41,27.56,27.3,27.35,33794448
17/08/2016 16:00:00,27.28,27.34,27.09,27.31,25355976
18/08/2016 16:00:00,27.31,27.4,27.26,27.27,21984703
19/08/2016 16:00:00,27.19,27.42,27.09,27.34,25368072
22/08/2016 16:00:00,27.22,27.28,26.96,27.13,25820230
23/08/2016 16:00:00,27.15,27.33,27.13,27.21,21257669
24/08/2016 16:00:00,27.14,27.19,26.92,27.01,23675081
25/08/2016 16:00:00,26.85,26.97,26.67,26.89,25086248
26/08/2016 16:00:00,26.85,26.99,26.58,26.74,27766291
29/08/2016 16:00:00,26.66,26.86,26.57,26.71,24970300
30/08/2016 16:00:00,26.45,26.63,26.38,26.5,24863945
31/08/2016 16:00:00,26.42,26.64,26.41,26.53,29662406
01/09/2016 16:00:00,26.54,26.7,26.41,26.68,26701523
02/09/2016 16:00:00,26.93,27,26.71,26.93,26802450
06/09/2016 16:00:00,26.98,27.08,26.88,26.93,26880391
07/09/2016 16:00:00,26.96,27.19,26.77,27.09,42364328
08/09/2016 16:00:00,26.81,26.82,26.31,26.38,53002026
09/09/2016 16:00:00,26.16,26.43,25.78,25.78,46556984
12/09/2016 16:00:00,25.66,26.43,25.63,26.36,45292770
13/09/2016 16:00:00,26.88,27.2,26.81,26.99,62176190
14/09/2016 16:00:00,27.18,28.26,27.15,27.94,112340318
15/09/2016 16:00:00,28.47,28.93,28.37,28.89,90613177
16/09/2016 16:00:00,28.78,29.03,28.51,28.73,79886911
19/09/2016 16:00:00,28.8,29.05,28.31,28.4,47023046
20/09/2016 16:00:00,28.26,28.53,28.13,28.39,34514269
21/09/2016 16:00:00,28.46,28.5,28.11,28.39,36003185
22/09/2016 16:00:00,28.59,28.74,28.5,28.66,31073984
23/09/2016 16:00:00,28.61,28.7,27.89,28.18,52481151
26/09/2016 16:00:00,27.91,28.35,27.89,28.22,29869442
27/09/2016 16:00:00,28.25,28.3,28.09,28.27,24607412
28/09/2016 16:00:00,28.42,28.66,28.36,28.49,29641085
29/09/2016 16:00:00,28.29,28.45,27.95,28.05,35886990
30/09/2016 16:00:00,28.12,28.34,27.95,28.26,36379106
03/10/2016 16:00:00,28.18,28.26,28.07,28.13,21701760
04/10/2016 16:00:00,28.27,28.58,28.16,28.25,29736835
05/10/2016 16:00:00,28.35,28.42,28.17,28.26,21453089
06/10/2016 16:00:00,28.43,28.59,28.28,28.47,28779313
07/10/2016 16:00:00,28.58,28.64,28.38,28.52,24358443
10/10/2016 16:00:00,28.76,29.19,28.68,29.01,36235956
11/10/2016 16:00:00,29.43,29.67,29.05,29.08,64041043
12/10/2016 16:00:00,29.34,29.5,29.19,29.34,37586787
13/10/2016 16:00:00,29.2,29.36,28.93,29.25,35192406
14/10/2016 16:00:00,29.47,29.54,29.28,29.41,35652191
17/10/2016 16:00:00,29.33,29.46,29.2,29.39,23624896
18/10/2016 16:00:00,29.55,29.55,29.36,29.37,24553478
19/10/2016 16:00:00,29.31,29.44,28.45,29.28,20034594
20/10/2016 16:00:00,29.22,29.35,29.08,29.27,24125801
21/10/2016 16:00:00,29.2,29.23,29.07,29.15,23192665
24/10/2016 16:00:00,29.28,29.44,29.25,29.41,23538673
25/10/2016 16:00:00,29.49,29.59,29.33,29.56,48128970
26/10/2016 16:00:00,28.58,28.93,28.33,28.9,66134219
27/10/2016 16:00:00,28.85,28.97,28.53,28.62,34562045
28/10/2016 16:00:00,28.47,28.8,28.36,28.43,37861662
31/10/2016 16:00:00,28.41,28.56,28.3,28.39,26419398
01/11/2016 16:00:00,28.37,28.44,27.63,27.87,43825812
02/11/2016 16:00:00,27.85,28.09,27.81,27.9,28331709
03/11/2016 16:00:00,27.75,27.87,27.39,27.46,26932602
04/11/2016 16:00:00,27.13,27.56,27.03,27.21,30836997
07/11/2016 16:00:00,27.52,27.63,27.37,27.6,32560000
08/11/2016 16:00:00,27.58,27.93,27.43,27.77,24254179
09/11/2016 16:00:00,27.47,27.83,27.01,27.72,59176361
10/11/2016 16:00:00,27.77,27.77,26.46,26.95,57134541
11/11/2016 16:00:00,26.78,27.22,26.64,27.11,34143898
14/11/2016 16:00:00,26.93,26.95,26.02,26.43,51175504
15/11/2016 16:00:00,26.64,26.92,26.54,26.78,32264510
16/11/2016 16:00:00,26.68,27.56,26.65,27.5,58840522
17/11/2016 16:00:00,27.45,27.59,27.21,27.49,27632003
18/11/2016 16:00:00,27.43,27.64,27.42,27.52,28428917
21/11/2016 16:00:00,27.53,28,27.5,27.93,29264571
22/11/2016 16:00:00,27.99,28.11,27.85,27.95,25965534
23/11/2016 16:00:00,27.84,27.88,27.58,27.81,27426394
25/11/2016 16:00:00,27.78,27.97,27.74,27.95,11475922
28/11/2016 16:00:00,27.86,28.12,27.85,27.89,27193983
29/11/2016 16:00:00,27.7,28.01,27.52,27.87,28528750
30/11/2016 16:00:00,27.9,28.05,27.57,27.63,36162258
01/12/2016 16:00:00,27.59,27.74,27.26,27.37,37086862
02/12/2016 16:00:00,27.29,27.52,27.21,27.48,26527997
05/12/2016 16:00:00,27.5,27.51,27.06,27.28,34324540
06/12/2016 16:00:00,27.38,27.59,27.3,27.49,26195462
07/12/2016 16:00:00,27.32,27.8,27.29,27.76,29998719
08/12/2016 16:00:00,27.72,28.11,27.65,28.03,27068316
09/12/2016 16:00:00,28.08,28.68,28.08,28.49,34402627
12/12/2016 16:00:00,28.32,28.75,28.12,28.33,26374377
13/12/2016 16:00:00,28.46,28.98,28.44,28.8,43733811
14/12/2016 16:00:00,28.76,29.05,28.75,28.8,34031834
15/12/2016 16:00:00,28.85,29.18,28.81,28.96,46524544
16/12/2016 16:00:00,29.12,29.13,28.91,28.99,44351134
19/12/2016 16:00:00,28.95,29.35,28.94,29.16,27779423
20/12/2016 16:00:00,29.19,29.38,29.17,29.24,21424965
21/12/2016 16:00:00,29.2,29.35,29.2,29.27,23783165
22/12/2016 16:00:00,29.09,29.13,28.91,29.07,26085854
23/12/2016 16:00:00,28.9,29.13,28.9,29.13,14249484
27/12/2016 16:00:00,29.13,29.45,29.12,29.32,18296855
28/12/2016 16:00:00,29.38,29.5,29.05,29.19,20905892
29/12/2016 16:00:00,29.11,29.28,29.1,29.18,15039519
30/12/2016 16:00:00,29.16,29.3,28.86,28.96,30586265
03/01/2017 16:00:00,28.95,29.08,28.69,29.04,28781865
04/01/2017 16:00:00,28.96,29.13,28.94,29.01,21118116
05/01/2017 16:00:00,28.98,29.22,28.95,29.15,22193587
06/01/2017 16:00:00,29.2,29.54,29.12,29.48,31751900
09/01/2017 16:00:00,29.49,29.86,29.49,29.75,33561948
10/01/2017 16:00:00,29.69,29.85,29.58,29.78,24462051
11/01/2017 16:00:00,29.69,29.98,29.65,29.94,27588593
12/01/2017 16:00:00,29.72,29.83,29.55,29.81,27086220
13/01/2017 16:00:00,29.78,29.91,29.7,29.76,26111948
17/01/2017 16:00:00,29.59,30.06,29.56,30,34439843
18/01/2017 16:00:00,30,30.13,29.93,30,23712961
19/01/2017 16:00:00,29.85,30.02,29.84,29.95,25597291
20/01/2017 16:00:00,30.11,30.11,29.93,30,32597892
23/01/2017 16:00:00,30,30.2,29.94,30.02,22050218
24/01/2017 16:00:00,29.89,30.03,29.88,29.99,23211038
25/01/2017 16:00:00,30.11,30.53,30.07,30.47,32586673
26/01/2017 16:00:00,30.42,30.61,30.4,30.49,26337576
27/01/2017 16:00:00,30.54,30.59,30.4,30.49,20562944
30/01/2017 16:00:00,30.23,30.41,30.17,30.41,30377503
31/01/2017 16:00:00,30.29,30.35,30.16,30.34,49200993
01/02/2017 16:00:00,31.76,32.62,31.75,32.19,111985040
02/02/2017 16:00:00,31.99,32.35,31.95,32.13,33710411
03/02/2017 16:00:00,32.08,32.3,32.04,32.27,24507301
06/02/2017 16:00:00,32.28,32.63,32.23,32.57,26845924
07/02/2017 16:00:00,32.64,33.02,32.61,32.88,38183841
08/02/2017 16:00:00,32.84,33.06,32.81,33.01,23004072
09/02/2017 16:00:00,32.91,33.11,32.78,33.1,28349859
10/02/2017 16:00:00,33.12,33.24,33.01,33.03,20065458
13/02/2017 16:00:00,33.27,33.46,33.19,33.32,23035421
14/02/2017 16:00:00,33.37,33.77,33.31,33.76,33226223
15/02/2017 16:00:00,33.88,34.07,33.66,33.88,35623100
16/02/2017 16:00:00,33.92,33.98,33.71,33.84,22584555
17/02/2017 16:00:00,33.78,33.96,33.78,33.93,22198197
21/02/2017 16:00:00,34.06,34.19,33.99,34.17,24507156
22/02/2017 16:00:00,34.11,34.28,34.03,34.28,20836932
23/02/2017 16:00:00,34.35,34.37,34.08,34.13,20788186
24/02/2017 16:00:00,33.98,34.17,33.82,34.17,21776585
27/02/2017 16:00:00,34.28,34.36,34.07,34.23,20257426
28/02/2017 16:00:00,34.27,34.36,34.17,34.25,23482860
01/03/2017 16:00:00,34.47,35.04,34.4,34.95,36414585
02/03/2017 16:00:00,35,35.07,34.69,34.74,26210984
03/03/2017 16:00:00,34.7,34.96,34.65,34.95,21571121
06/03/2017 16:00:00,34.84,34.94,34.65,34.84,21750044
07/03/2017 16:00:00,34.77,34.99,34.7,34.88,17446297
08/03/2017 16:00:00,34.74,34.95,34.71,34.75,18707236
09/03/2017 16:00:00,34.69,34.7,34.26,34.67,22155904
10/03/2017 16:00:00,34.81,34.84,34.66,34.78,19612801
13/03/2017 16:00:00,34.79,34.86,34.71,34.8,17421717
14/03/2017 16:00:00,34.83,34.91,34.71,34.75,15309065
15/03/2017 16:00:00,34.85,35.19,34.76,35.12,25691774
16/03/2017 16:00:00,35.18,35.26,35.07,35.17,19231998
17/03/2017 16:00:00,35.25,35.25,34.97,35,43884952
20/03/2017 16:00:00,35.1,35.38,35.06,35.37,21542038
21/03/2017 16:00:00,35.53,35.7,34.93,34.96,39529912
22/03/2017 16:00:00,34.96,35.4,34.94,35.35,25860165
23/03/2017 16:00:00,35.32,35.4,35.15,35.23,20346301
24/03/2017 16:00:00,35.38,35.44,35.09,35.16,22395563
27/03/2017 16:00:00,34.85,35.31,34.66,35.22,23575094
28/03/2017 16:00:00,35.23,36.01,35.16,35.95,33374805
29/03/2017 16:00:00,35.92,36.12,35.8,36.03,29189955
30/03/2017 16:00:00,36.05,36.13,35.88,35.98,21207252
31/03/2017 16:00:00,35.93,36.07,35.75,35.92,19661651
03/04/2017 16:00:00,35.93,36.03,35.76,35.92,19985714
04/04/2017 16:00:00,35.81,36.22,35.79,36.19,19891354
05/04/2017 16:00:00,36.06,36.37,35.95,36.01,27717854
06/04/2017 16:00:00,36.07,36.13,35.86,35.92,21149034
07/04/2017 16:00:00,35.93,36.05,35.82,35.84,16672198
10/04/2017 16:00:00,35.9,35.97,35.73,35.79,18933397
11/04/2017 16:00:00,35.74,35.84,35.02,35.41,30379376
12/04/2017 16:00:00,35.4,35.54,35.25,35.45,20350000
13/04/2017 16:00:00,35.48,35.6,35.26,35.26,17822880
17/04/2017 16:00:00,35.37,35.47,35.22,35.46,16582094
18/04/2017 16:00:00,35.35,35.51,35.28,35.3,14697544
19/04/2017 16:00:00,35.47,35.5,35.11,35.17,17328375
20/04/2017 16:00:00,35.31,35.73,35.29,35.61,23319562
21/04/2017 16:00:00,35.61,35.67,35.46,35.57,17320928
24/04/2017 16:00:00,35.88,35.99,35.8,35.91,17134333
25/04/2017 16:00:00,35.98,36.23,35.97,36.13,18871501
26/04/2017 16:00:00,36.12,36.15,35.84,35.92,20041241
27/04/2017 16:00:00,35.98,36.04,35.83,35.95,14246347
28/04/2017 16:00:00,36.02,36.08,35.82,35.91,20860358
01/05/2017 16:00:00,36.28,36.8,36.24,36.65,33602943
02/05/2017 16:00:00,36.89,37.02,36.71,36.88,45352194
03/05/2017 16:00:00,36.4,36.87,36.07,36.77,45697034
04/05/2017 16:00:00,36.63,36.78,36.45,36.63,23371872
05/05/2017 16:00:00,36.69,37.24,36.69,37.24,27327725
08/05/2017 16:00:00,37.26,38.42,37.26,38.25,48752413
09/05/2017 16:00:00,38.47,38.72,38.36,38.5,39130363
10/05/2017 16:00:00,38.41,38.49,38.03,38.32,25805692
11/05/2017 16:00:00,38.11,38.52,38.08,38.49,27255058
12/05/2017 16:00:00,38.67,39.1,38.67,39.03,32527017
15/05/2017 16:00:00,39,39.16,38.76,38.92,26009719
16/05/2017 16:00:00,38.99,39.02,38.68,38.87,20048478
17/05/2017 16:00:00,38.4,38.64,37.43,37.56,50767678
18/05/2017 16:00:00,37.82,38.34,37.78,38.14,33568215
19/05/2017 16:00:00,38.35,38.49,38.16,38.27,26960788
22/05/2017 16:00:00,38.5,38.65,38.23,38.5,22966437
23/05/2017 16:00:00,38.73,38.73,38.33,38.45,19918871
24/05/2017 16:00:00,38.46,38.54,38.17,38.34,19219154
25/05/2017 16:00:00,38.43,38.59,38.26,38.47,19235598
26/05/2017 16:00:00,38.5,38.56,38.33,38.4,21927637
30/05/2017 16:00:00,38.35,38.61,38.33,38.42,20126851
31/05/2017 16:00:00,38.49,38.54,38.1,38.19,24451164
01/06/2017 16:00:00,38.29,38.33,38.06,38.3,16404088
02/06/2017 16:00:00,38.4,38.86,38.22,38.86,27770715
05/06/2017 16:00:00,38.59,38.61,38.37,38.48,25331662
06/06/2017 16:00:00,38.48,38.95,38.45,38.61,26624926
07/06/2017 16:00:00,38.76,38.99,38.62,38.84,21069647
08/06/2017 16:00:00,38.81,38.89,38.6,38.75,21250798
09/06/2017 16:00:00,38.8,38.8,36.51,37.24,64882657
12/06/2017 16:00:00,36.44,36.52,35.63,36.35,72307330
13/06/2017 16:00:00,36.79,36.86,36.29,36.65,34165445
14/06/2017 16:00:00,36.88,36.88,35.96,36.29,31531232
15/06/2017 16:00:00,35.83,36.12,35.55,36.07,32165373
16/06/2017 16:00:00,35.95,36.13,35.55,35.57,50361093
19/06/2017 16:00:00,35.92,36.69,35.92,36.59,32541404
20/06/2017 16:00:00,36.72,36.72,36.24,36.25,24900073
21/06/2017 16:00:00,36.38,36.52,36.15,36.47,21265751
22/06/2017 16:00:00,36.44,36.67,36.28,36.41,19106294
23/06/2017 16:00:00,36.28,36.79,36.28,36.57,35439389
26/06/2017 16:00:00,36.79,37.07,36.35,36.46,25692361
27/06/2017 16:00:00,36.25,36.54,35.91,35.93,24761891
28/06/2017 16:00:00,36.12,36.53,35.79,36.46,22082432
29/06/2017 16:00:00,36.18,36.28,35.57,35.92,31499368
30/06/2017 16:00:00,36.11,36.24,35.95,36.01,23024107
03/07/2017 16:00:00,36.22,36.33,35.78,35.88,14277848
05/07/2017 16:00:00,35.92,36.2,35.68,36.02,21569557
06/07/2017 16:00:00,35.76,35.88,35.6,35.68,24128782
07/07/2017 16:00:00,35.73,36.19,35.73,36.05,19201712
10/07/2017 16:00:00,36.03,36.49,35.84,36.27,21090636
11/07/2017 16:00:00,36.18,36.46,36.1,36.38,19781836
12/07/2017 16:00:00,36.47,36.55,36.21,36.44,24884478
13/07/2017 16:00:00,36.38,37.12,36.36,36.94,25199373
14/07/2017 16:00:00,36.99,37.33,36.83,37.26,20132061
17/07/2017 16:00:00,37.21,37.73,37.14,37.39,23793456
18/07/2017 16:00:00,37.3,37.53,37.17,37.52,17868792
19/07/2017 16:00:00,37.62,37.85,37.49,37.76,20922969
20/07/2017 16:00:00,37.88,37.94,37.55,37.59,17243748
21/07/2017 16:00:00,37.5,37.61,37.22,37.57,26252630
24/07/2017 16:00:00,37.65,38.11,37.48,38.02,21493160
25/07/2017 16:00:00,37.95,38.46,37.95,38.19,18853932
26/07/2017 16:00:00,38.34,38.48,38.27,38.37,15780951
27/07/2017 16:00:00,38.44,38.5,36.83,37.64,32476337
28/07/2017 16:00:00,37.47,37.56,37.3,37.38,17213653
31/07/2017 16:00:00,37.48,37.58,37.03,37.18,19845920
01/08/2017 16:00:00,37.28,37.56,37.1,37.51,35368645
02/08/2017 16:00:00,39.82,39.94,39.04,39.28,69936800
03/08/2017 16:00:00,39.26,39.3,38.76,38.89,27097296
04/08/2017 16:00:00,39.02,39.35,38.92,39.1,20559852
07/08/2017 16:00:00,39.27,39.73,39.17,39.7,21870321
08/08/2017 16:00:00,39.65,40.46,39.57,40.02,36205896
09/08/2017 16:00:00,39.82,40.32,39.78,40.27,26131530
10/08/2017 16:00:00,39.98,40,38.66,38.83,40804273
11/08/2017 16:00:00,39.15,39.64,39.02,39.37,26257096
14/08/2017 16:00:00,39.83,40.05,39.69,39.96,22122734
15/08/2017 16:00:00,40.17,40.55,40.03,40.4,29465487
16/08/2017 16:00:00,40.49,40.63,40.04,40.24,27671612
17/08/2017 16:00:00,40.13,40.18,39.46,39.47,27940565
18/08/2017 16:00:00,39.47,39.88,39.18,39.38,27428069
21/08/2017 16:00:00,39.38,39.47,38.78,39.3,26368528
22/08/2017 16:00:00,39.56,40,39.51,39.95,21604585
23/08/2017 16:00:00,39.77,40.12,39.72,39.99,19399081
24/08/2017 16:00:00,40.11,40.19,39.64,39.82,19818918
25/08/2017 16:00:00,39.91,40.14,39.82,39.97,25480063
28/08/2017 16:00:00,40.03,40.5,39.98,40.37,25965972
29/08/2017 16:00:00,40.03,40.78,40,40.73,29516910
30/08/2017 16:00:00,40.95,40.97,40.65,40.84,27269584
31/08/2017 16:00:00,40.91,41.13,40.87,41,26785096
01/09/2017 16:00:00,41.2,41.24,40.91,41.01,16591051
05/09/2017 16:00:00,40.94,41.06,40.14,40.52,29536314
06/09/2017 16:00:00,40.68,40.75,40.13,40.48,21651726
07/09/2017 16:00:00,40.52,40.56,40.09,40.32,21928502
08/09/2017 16:00:00,40.22,40.29,39.63,39.66,28611535
11/09/2017 16:00:00,40.13,40.51,39.97,40.38,31580798
12/09/2017 16:00:00,40.65,40.99,39.69,40.22,71714046
13/09/2017 16:00:00,39.97,39.99,39.48,39.91,44907361
14/09/2017 16:00:00,39.75,39.85,39.52,39.57,23760749
15/09/2017 16:00:00,39.62,40.24,39.5,39.97,49114602
18/09/2017 16:00:00,40.03,40.13,39.5,39.67,28269435
19/09/2017 16:00:00,39.88,39.94,39.61,39.68,20810632
20/09/2017 16:00:00,39.48,39.57,38.46,39.02,52951364
21/09/2017 16:00:00,38.95,38.95,38.19,38.35,37511661
22/09/2017 16:00:00,38.01,38.07,37.64,37.97,46645443
25/09/2017 16:00:00,37.5,37.96,37.29,37.64,44387336
26/09/2017 16:00:00,37.95,38.48,37.92,38.28,36660045
27/09/2017 16:00:00,38.45,38.68,38.39,38.56,25504227
28/09/2017 16:00:00,38.47,38.57,38.17,38.32,22005455
29/09/2017 16:00:00,38.3,38.53,38,38.53,26299810
02/10/2017 16:00:00,38.57,38.61,38.18,38.45,18698842
03/10/2017 16:00:00,38.5,38.77,38.48,38.62,16230293
04/10/2017 16:00:00,38.41,38.47,38.12,38.37,20163750
05/10/2017 16:00:00,38.55,38.86,38.51,38.85,21283769
06/10/2017 16:00:00,38.74,38.87,38.64,38.83,17407558
09/10/2017 16:00:00,38.95,39.18,38.87,38.96,16262923
10/10/2017 16:00:00,39.01,39.5,38.78,38.98,15617014
11/10/2017 16:00:00,38.99,39.24,38.94,39.14,16905640
12/10/2017 16:00:00,39.09,39.34,38.93,39,16125054
13/10/2017 16:00:00,39.18,39.32,39.1,39.25,16394188
16/10/2017 16:00:00,39.48,40,39.41,39.97,24121452
17/10/2017 16:00:00,39.95,40.22,39.81,40.12,18997275
18/10/2017 16:00:00,40.1,40.18,39.9,39.94,16374164
19/10/2017 16:00:00,39.19,39.27,38.76,38.99,42584166
20/10/2017 16:00:00,39.15,39.44,38.99,39.06,23974146
23/10/2017 16:00:00,39.22,39.42,38.88,39.04,21984327
24/10/2017 16:00:00,39.07,39.35,39.05,39.28,17757230
25/10/2017 16:00:00,39.23,39.39,38.82,39.1,21207098
26/10/2017 16:00:00,39.31,39.46,39.2,39.35,17000469
27/10/2017 16:00:00,39.82,40.9,39.67,40.76,44454160
30/10/2017 16:00:00,40.97,42.02,40.93,41.68,44700772
31/10/2017 16:00:00,41.98,42.41,41.74,42.26,36046828
01/11/2017 16:00:00,42.47,42.49,41.4,41.72,33637762
02/11/2017 16:00:00,41.91,42.13,41.32,42.03,41393373
03/11/2017 16:00:00,43.5,43.57,42.78,43.13,59398631
06/11/2017 16:00:00,43.09,43.75,42.93,43.56,35026306
07/11/2017 16:00:00,43.48,43.81,43.4,43.7,24361485
08/11/2017 16:00:00,43.67,44.06,43.58,44.06,24409527
09/11/2017 16:00:00,43.78,44.02,43.29,43.97,29482596
10/11/2017 16:00:00,43.78,43.85,43.57,43.67,25145500
13/11/2017 16:00:00,43.38,43.63,43.35,43.49,16982080
14/11/2017 16:00:00,43.26,43.37,42.8,42.84,24782487
15/11/2017 16:00:00,42.49,42.58,42.1,42.27,29158070
16/11/2017 16:00:00,42.8,42.97,42.58,42.78,23637484
17/11/2017 16:00:00,42.76,42.85,42.41,42.54,21899544
20/11/2017 16:00:00,42.57,42.64,42.39,42.5,16262447
21/11/2017 16:00:00,42.7,43.43,42.7,43.29,25131295
22/11/2017 16:00:00,43.34,43.75,43.26,43.74,25588925
24/11/2017 13:00:00,43.78,43.88,43.66,43.74,14026673
27/11/2017 16:00:00,43.76,43.77,43.34,43.52,20716802
28/11/2017 16:00:00,43.58,43.72,42.97,43.27,26428802
29/11/2017 16:00:00,43.16,43.23,41.79,42.37,41666364
30/11/2017 16:00:00,42.61,43.04,42.11,42.96,41527218
01/12/2017 16:00:00,42.49,42.92,42.13,42.76,39759288
04/12/2017 16:00:00,43.12,43.16,42.41,42.45,32542385
05/12/2017 16:00:00,42.27,42.88,42.1,42.41,27350154
06/12/2017 16:00:00,41.88,42.55,41.62,42.25,28560000
07/12/2017 16:00:00,42.26,42.61,42.23,42.33,25673308
08/12/2017 16:00:00,42.62,42.75,42.21,42.34,23355231
11/12/2017 16:00:00,42.3,43.22,42.2,43.17,35273759
12/12/2017 16:00:00,43.04,43.1,42.87,42.93,19409230
13/12/2017 16:00:00,43.13,43.39,43,43.07,23818447
14/12/2017 16:00:00,43.1,43.28,42.91,43.06,20476541
15/12/2017 16:00:00,43.41,43.54,43.12,43.49,40169307
18/12/2017 16:00:00,43.72,44.3,43.72,44.11,29421114
19/12/2017 16:00:00,43.76,43.85,43.52,43.64,27436447
20/12/2017 16:00:00,43.72,43.86,43.31,43.59,23475649
21/12/2017 16:00:00,43.54,44.01,43.53,43.75,20949896
22/12/2017 16:00:00,43.67,43.86,43.63,43.75,16349444
26/12/2017 16:00:00,42.7,42.87,42.42,42.64,33185536
27/12/2017 16:00:00,42.53,42.7,42.43,42.65,21498213
28/12/2017 16:00:00,42.75,42.96,42.62,42.77,16480187
29/12/2017 16:00:00,42.63,42.65,42.31,42.31,25999922
02/01/2018 16:00:00,42.54,43.08,42.32,43.07,25555934
03/01/2018 16:00:00,43.13,43.64,42.99,43.06,29517899
04/01/2018 16:00:00,43.14,43.37,43.02,43.26,22434597
05/01/2018 16:00:00,43.36,43.84,43.26,43.75,23660018
08/01/2018 16:00:00,43.59,43.9,43.48,43.59,20567766
09/01/2018 16:00:00,43.64,43.77,43.35,43.58,21583997
10/01/2018 16:00:00,43.29,43.58,43.25,43.57,23959895
11/01/2018 16:00:00,43.65,43.87,43.62,43.82,18667729
12/01/2018 16:00:00,44.05,44.34,43.91,44.27,25418080
16/01/2018 16:00:00,44.48,44.85,44.04,44.05,29565947
17/01/2018 16:00:00,44.04,44.81,43.77,44.78,34386836
18/01/2018 16:00:00,44.84,45.03,44.56,44.82,31193352
19/01/2018 16:00:00,44.65,44.9,44.35,44.62,32425067
22/01/2018 16:00:00,44.33,44.45,44.15,44.25,27108551
23/01/2018 16:00:00,44.33,44.86,44.21,44.26,32689146
24/01/2018 16:00:00,44.31,44.33,43.3,43.56,51105090
25/01/2018 16:00:00,43.63,43.74,42.63,42.78,41529004
26/01/2018 16:00:00,43,43,42.52,42.88,39143011
29/01/2018 16:00:00,42.54,42.54,41.77,41.99,50640406
30/01/2018 16:00:00,41.38,41.84,41.18,41.74,46048185
31/01/2018 16:00:00,41.72,42.11,41.63,41.86,32478930
01/02/2018 16:00:00,41.79,42.16,41.69,41.95,47230787
02/02/2018 16:00:00,41.5,41.7,40.03,40.13,86593825
05/02/2018 16:00:00,39.78,40.97,39,39.12,72738522
06/02/2018 16:00:00,38.71,40.93,38.5,40.76,68243838
07/02/2018 16:00:00,40.77,40.85,39.77,39.89,51608580
08/02/2018 16:00:00,40.07,40.25,38.76,38.79,54390516
09/02/2018 16:00:00,39.27,39.47,37.56,39.1,70672608
12/02/2018 16:00:00,39.63,40.97,39.38,40.68,60819539
13/02/2018 16:00:00,40.49,41.19,40.41,41.09,32549163
14/02/2018 16:00:00,40.76,41.89,40.72,41.84,40644933
15/02/2018 16:00:00,42.45,43.27,42.25,43.25,51147171
16/02/2018 16:00:00,43.09,43.71,42.94,43.11,40176091
20/02/2018 16:00:00,43.01,43.57,42.86,42.96,33930540
21/02/2018 16:00:00,43.21,43.53,42.75,42.77,37471623
22/02/2018 16:00:00,42.95,43.49,42.93,43.13,30991940
23/02/2018 16:00:00,43.42,43.91,43.39,43.88,33812360
26/02/2018 16:00:00,44.09,44.85,44.05,44.74,38162174
27/02/2018 16:00:00,44.78,45.12,44.54,44.6,38928125
28/02/2018 16:00:00,44.82,45.15,44.51,44.53,37782138
01/03/2018 16:00:00,44.64,44.94,43.17,43.75,48801970
02/03/2018 16:00:00,43.2,44.08,43.11,44.05,38453950
05/03/2018 16:00:00,43.8,44.44,43.63,44.21,28401366
06/03/2018 16:00:00,44.48,44.56,44.03,44.17,23788506
07/03/2018 16:00:00,43.74,43.96,43.57,43.76,31703462
08/03/2018 16:00:00,43.87,44.28,43.77,44.24,23774107
09/03/2018 16:00:00,44.49,45,44.35,45,32185162
12/03/2018 16:00:00,45.07,45.6,45.05,45.43,32207081
13/03/2018 16:00:00,45.65,45.88,44.81,44.99,31693529
14/03/2018 16:00:00,45.08,45.13,44.45,44.61,29368356
15/03/2018 16:00:00,44.63,45.06,44.52,44.66,22743798
16/03/2018 16:00:00,44.66,44.78,44.41,44.51,39404688
19/03/2018 16:00:00,44.33,44.37,43.42,43.83,33446771
20/03/2018 16:00:00,43.81,44.2,43.74,43.81,19649350
21/03/2018 16:00:00,43.76,43.77,42.82,42.82,37054935
22/03/2018 16:00:00,42.5,43.17,42.15,42.21,41490767
23/03/2018 16:00:00,42.1,42.48,41.24,41.24,41028784
26/03/2018 16:00:00,42.02,43.28,41.61,43.19,37541236
27/03/2018 16:00:00,43.42,43.79,41.73,42.09,40922579
28/03/2018 16:00:00,41.81,42.51,41.3,41.62,41668545
29/03/2018 16:00:00,41.95,42.94,41.73,41.95,38398505
02/04/2018 16:00:00,41.97,42.24,41.12,41.67,37586791
03/04/2018 16:00:00,41.91,42.19,41.22,42.1,30278046
04/04/2018 16:00:00,41.22,43,41.19,42.9,34605489
05/04/2018 16:00:00,43.15,43.56,43.02,43.2,26933197
06/04/2018 16:00:00,42.74,43.12,42.05,42.1,35005290
09/04/2018 16:00:00,42.47,43.27,42.46,42.51,29017718
10/04/2018 16:00:00,43.25,43.5,42.88,43.31,28614241
11/04/2018 16:00:00,43.06,43.48,42.93,43.11,22431640
12/04/2018 16:00:00,43.35,43.75,43.26,43.54,22889285
13/04/2018 16:00:00,43.7,43.96,43.46,43.68,25124255
16/04/2018 16:00:00,43.76,44.05,43.71,43.96,21578420
17/04/2018 16:00:00,44.12,44.73,44.1,44.56,26605442
18/04/2018 16:00:00,44.45,44.71,44.22,44.46,20754538
19/04/2018 16:00:00,43.74,43.85,43.17,43.2,34808800
20/04/2018 16:00:00,42.65,42.8,41.36,41.43,65491140
23/04/2018 16:00:00,41.71,41.73,41.02,41.31,36515477
24/04/2018 16:00:00,41.42,41.58,40.31,40.74,33692017
25/04/2018 16:00:00,40.66,41.36,40.6,40.91,28382084
26/04/2018 16:00:00,41.03,41.43,40.84,41.06,27963014
27/04/2018 16:00:00,41,41.08,40.16,40.58,35655839
30/04/2018 16:00:00,40.53,41.82,40.46,41.32,42427424
01/05/2018 16:00:00,41.6,42.3,41.32,42.28,53569376
02/05/2018 16:00:00,43.81,44.44,43.45,44.14,66539371
03/05/2018 16:00:00,43.97,44.38,43.61,44.22,34068180
04/05/2018 16:00:00,44.56,46.06,44.54,45.96,56201317
07/05/2018 16:00:00,46.3,46.92,46.19,46.29,42451423
08/05/2018 16:00:00,46.25,46.56,45.92,46.51,28402777
09/05/2018 16:00:00,46.64,46.85,46.31,46.84,23211241
10/05/2018 16:00:00,46.94,47.59,46.91,47.51,27989289
11/05/2018 16:00:00,47.37,47.52,46.86,47.15,26212221
14/05/2018 16:00:00,47.25,47.38,46.97,47.04,20778772
15/05/2018 16:00:00,46.7,46.77,46.28,46.61,23695159
16/05/2018 16:00:00,46.52,47.12,46.5,47.05,19183064
17/05/2018 16:00:00,47,47.23,46.59,46.75,17294029
18/05/2018 16:00:00,46.8,46.95,46.53,46.58,18297728
21/05/2018 16:00:00,47,47.32,46.73,46.91,18400787
22/05/2018 16:00:00,47.09,47.22,46.7,46.79,15240704
23/05/2018 16:00:00,46.59,47.13,46.44,47.09,20058415
24/05/2018 16:00:00,47.19,47.21,46.55,47.04,23233975
25/05/2018 16:00:00,47.06,47.41,46.91,47.15,17460963
29/05/2018 16:00:00,46.9,47.19,46.72,46.98,22514075
30/05/2018 16:00:00,46.93,47,46.7,46.88,18690547
31/05/2018 16:00:00,46.93,47,46.7,46.88,103005
01/06/2018 16:00:00,47,47.57,46.94,47.56,23442510
04/06/2018 16:00:00,47.91,48.36,47.84,47.96,26266174
05/06/2018 16:00:00,48.27,48.49,48.09,48.33,21565963
06/06/2018 16:00:00,48.41,48.52,47.98,48.5,20933619
07/06/2018 16:00:00,48.54,48.55,48.08,48.37,21347180
08/06/2018 16:00:00,47.79,48,47.44,47.93,26656799
11/06/2018 16:00:00,47.84,47.99,47.55,47.81,18308460
12/06/2018 16:00:00,47.85,48.15,47.79,48.07,16911141
13/06/2018 16:00:00,48.11,48.22,47.61,47.68,21638393
14/06/2018 16:00:00,47.89,47.89,47.56,47.7,21610074
15/06/2018 16:00:00,47.51,47.54,47.07,47.21,61719160
18/06/2018 16:00:00,46.97,47.31,46.8,47.19,18484865
19/06/2018 16:00:00,46.29,46.58,45.86,46.42,33578455
20/06/2018 16:00:00,46.59,46.8,46.43,46.63,20628701
21/06/2018 16:00:00,46.81,47.09,46.24,46.37,25711898
22/06/2018 16:00:00,46.53,46.54,46.18,46.23,27200447
25/06/2018 16:00:00,45.85,46.23,45.18,45.54,31663096
26/06/2018 16:00:00,45.75,46.63,45.64,46.11,24569201
27/06/2018 16:00:00,46.31,46.82,46.01,46.04,25285328
28/06/2018 16:00:00,46.03,46.55,45.95,46.38,17365235
29/06/2018 16:00:00,46.57,46.8,45.73,46.28,22737666
02/07/2018 16:00:00,45.96,46.83,45.86,46.8,17731343
03/07/2018 13:00:00,46.95,46.99,45.89,45.98,13954806
05/07/2018 16:00:00,46.32,46.6,46.07,46.35,16604248
06/07/2018 16:00:00,46.36,47.11,46.3,46.99,17485245
09/07/2018 16:00:00,47.38,47.67,47.33,47.65,19756634
10/07/2018 16:00:00,47.68,47.82,47.55,47.59,15939149
11/07/2018 16:00:00,47.13,47.44,46.9,46.97,18831470
12/07/2018 16:00:00,47.38,47.85,47.33,47.76,18041131
13/07/2018 16:00:00,47.77,47.96,47.73,47.83,12519792
16/07/2018 16:00:00,47.88,48.16,47.6,47.73,15043110
17/07/2018 16:00:00,47.44,47.97,47.3,47.86,15534523
18/07/2018 16:00:00,47.95,47.95,47.48,47.6,16393381
19/07/2018 16:00:00,47.42,48.14,47.42,47.97,20286752
20/07/2018 16:00:00,47.95,48.11,47.54,47.86,20706042
23/07/2018 16:00:00,47.95,48.11,47.54,47.86,164346
24/07/2018 16:00:00,48.11,48.42,48.01,48.25,18697898
25/07/2018 16:00:00,48.27,48.71,48.11,48.71,16826483
26/07/2018 16:00:00,48.65,48.99,48.4,48.55,19075964
27/07/2018 16:00:00,48.75,48.8,47.53,47.75,24023972
30/07/2018 16:00:00,47.98,48.05,47.27,47.48,21029535
31/07/2018 16:00:00,47.58,48.04,47.34,47.57,39373038
01/08/2018 16:00:00,49.78,50.44,49.33,50.38,67935716
02/08/2018 16:00:00,50.15,52.1,50.09,51.85,62404012
03/08/2018 16:00:00,51.76,52.19,51.37,52,33447396
06/08/2018 16:00:00,52,52.31,51.77,52.27,25425387
07/08/2018 16:00:00,52.33,52.38,51.69,51.78,25587387
08/08/2018 16:00:00,51.51,51.95,51.13,51.81,22525487
09/08/2018 16:00:00,51.82,52.45,51.8,52.22,23492626
10/08/2018 16:00:00,51.84,52.28,51.67,51.88,24611202
13/08/2018 16:00:00,51.93,52.74,51.93,52.22,25890880
14/08/2018 16:00:00,52.54,52.64,52.07,52.44,20748010
15/08/2018 16:00:00,52.31,52.69,52.08,52.56,28807564
16/08/2018 16:00:00,52.94,53.45,52.87,53.33,28500367
17/08/2018 16:00:00,53.36,54.49,53.29,54.4,35426997
20/08/2018 16:00:00,54.53,54.8,53.78,53.87,30287695
21/08/2018 16:00:00,54.2,54.3,53.51,53.76,26159755
22/08/2018 16:00:00,53.53,54.09,53.46,53.76,19018131
23/08/2018 16:00:00,53.66,54.26,53.65,53.87,18883224
24/08/2018 16:00:00,54.15,54.23,53.78,54.04,18476356
27/08/2018 16:00:00,54.29,54.69,54.08,54.49,20525117
28/08/2018 16:00:00,54.75,55.14,54.73,54.93,22776766
29/08/2018 16:00:00,55.04,55.87,54.85,55.75,27254804
30/08/2018 16:00:00,55.81,57.07,55.6,56.26,48793824
31/08/2018 16:00:00,56.63,57.22,56.5,56.91,43340134
04/09/2018 16:00:00,57.1,57.3,56.66,57.09,27390132
05/09/2018 16:00:00,57.25,57.42,56.28,56.72,33332960
06/09/2018 16:00:00,56.56,56.84,55.33,55.78,34289976
07/09/2018 16:00:00,55.46,56.34,55.18,55.33,37619810
10/09/2018 16:00:00,55.24,55.46,54.12,54.58,39516453
11/09/2018 16:00:00,54.5,56.07,54.14,55.96,35749049
12/09/2018 16:00:00,56.24,56.25,54.96,55.27,49278740
13/09/2018 16:00:00,55.88,57.09,55.64,56.6,41706377
14/09/2018 16:00:00,56.44,56.71,55.63,55.96,31999289
17/09/2018 16:00:00,55.54,55.74,54.32,54.47,37195133
18/09/2018 16:00:00,54.45,55.46,54.28,54.56,31571712
19/09/2018 16:00:00,54.63,54.91,53.83,54.59,27123833
20/09/2018 16:00:00,55.06,55.57,54.79,55.01,26608794
21/09/2018 16:00:00,55.2,55.34,54.32,54.42,96246748
24/09/2018 16:00:00,54.21,55.32,54.16,55.2,27693358
25/09/2018 16:00:00,54.94,55.71,54.93,55.55,24554379
26/09/2018 16:00:00,55.25,55.94,54.94,55.11,23984706
27/09/2018 16:00:00,55.96,56.61,55.89,56.24,30181227
28/09/2018 16:00:00,56.2,56.46,56.01,56.44,22929364
01/10/2018 16:00:00,56.99,57.36,56.59,56.82,23600802
02/10/2018 16:00:00,56.81,57.5,56.66,57.32,24788170
03/10/2018 16:00:00,57.51,58.37,57.45,58.02,28654799
04/10/2018 16:00:00,57.7,58.09,56.68,57,32042000
05/10/2018 16:00:00,56.99,57.1,55.15,56.07,33580463
08/10/2018 16:00:00,55.55,56.2,55.05,55.94,29663923
09/10/2018 16:00:00,55.91,56.82,55.56,56.72,26891029
10/10/2018 16:00:00,56.37,56.59,54.01,54.09,41990554
11/10/2018 16:00:00,53.63,54.88,53.08,53.61,53124392
12/10/2018 16:00:00,55.11,55.72,54.21,55.53,40337851
15/10/2018 16:00:00,55.29,55.46,54.32,54.34,30791007
16/10/2018 16:00:00,54.73,55.75,54.19,55.54,29183963
17/10/2018 16:00:00,55.58,55.66,54.84,55.3,22885397
18/10/2018 16:00:00,54.47,54.94,53.25,54.01,32581315
19/10/2018 16:00:00,54.52,55.32,54.36,54.83,33078726
22/10/2018 16:00:00,54.95,55.84,54.74,55.16,28792082
23/10/2018 16:00:00,53.96,55.81,53.68,55.68,38767846
24/10/2018 16:00:00,55.65,56.06,53.64,53.77,40925163
25/10/2018 16:00:00,54.43,55.35,54.19,54.95,29855768
26/10/2018 16:00:00,53.98,55.05,53.17,54.08,47258375
29/10/2018 16:00:00,54.8,54.92,51.52,53.06,45935520
30/10/2018 16:00:00,52.79,53.8,52.32,53.33,36659990
31/10/2018 16:00:00,54.22,55.11,54.16,54.72,38358933
01/11/2018 16:00:00,54.76,55.59,54.2,55.56,58323180
02/11/2018 16:00:00,52.39,53.41,51.36,51.87,91328654
05/11/2018 16:00:00,51.08,51.1,49.54,50.4,66163669
06/11/2018 16:00:00,50.48,51.18,50.42,50.94,31882881
07/11/2018 16:00:00,51.49,52.52,51.03,52.49,33424434
08/11/2018 16:00:00,52.5,52.53,51.69,52.12,25362636
09/11/2018 16:00:00,51.39,51.5,50.56,51.12,34365750
12/11/2018 16:00:00,49.75,49.96,48.45,48.54,51135518
13/11/2018 16:00:00,47.91,49.3,47.86,48.06,46882936
14/11/2018 16:00:00,48.48,48.62,46.48,46.7,60800957
15/11/2018 16:00:00,47.1,47.99,46.73,47.85,46478801
16/11/2018 16:00:00,47.63,48.74,47.37,48.38,36928253
19/11/2018 16:00:00,47.5,47.68,46.25,46.47,41920872
20/11/2018 16:00:00,44.59,45.37,43.88,44.25,67825247
21/11/2018 16:00:00,44.93,45.07,44.14,44.2,31124210
23/11/2018 13:00:00,43.74,44.15,43.03,43.07,23623972
26/11/2018 16:00:00,43.56,43.74,42.57,43.66,44998520
27/11/2018 16:00:00,42.88,43.69,42.72,43.56,41387377
28/11/2018 16:00:00,44.18,45.32,43.73,45.24,46062539
29/11/2018 16:00:00,45.67,45.7,44.43,44.89,41769992
30/11/2018 16:00:00,45.07,45.08,44.26,44.65,39531549
03/12/2018 16:00:00,46.12,46.24,45.3,46.21,40798002
04/12/2018 16:00:00,45.24,45.6,44.07,44.17,41344282
06/12/2018 16:00:00,42.94,43.7,42.61,43.68,43098410
07/12/2018 16:00:00,43.37,43.62,42.08,42.12,42281631
10/12/2018 16:00:00,41.25,42.52,40.83,42.4,62025994
11/12/2018 16:00:00,42.92,42.95,41.75,42.16,47281665
12/12/2018 16:00:00,42.6,42.98,42.26,42.28,35627674
13/12/2018 16:00:00,42.62,43.14,42.39,42.74,31897827
14/12/2018 16:00:00,42.25,42.27,41.32,41.37,40703710
17/12/2018 16:00:00,41.36,42.09,40.68,40.99,44287922
18/12/2018 16:00:00,41.35,41.88,41.1,41.52,33841518
19/12/2018 16:00:00,41.5,41.86,39.77,40.22,49047297
20/12/2018 16:00:00,40.1,40.53,38.83,39.21,64772960
21/12/2018 16:00:00,39.22,39.54,37.41,37.68,95744384
24/12/2018 13:00:00,37.04,37.89,36.65,36.71,37169232
26/12/2018 16:00:00,37.08,39.31,36.68,39.29,58582544
27/12/2018 16:00:00,38.96,39.19,37.52,39.04,53117065
28/12/2018 16:00:00,39.38,39.63,38.64,39.06,42291424
31/12/2018 16:00:00,39.63,39.84,39.12,39.44,35003466
02/01/2019 16:00:00,38.72,39.71,38.56,39.48,37039737
03/01/2019 16:00:00,35.99,36.43,35.5,35.55,91312195
04/01/2019 16:00:00,36.13,37.14,35.95,37.07,58607070
07/01/2019 16:00:00,37.17,37.21,36.48,36.98,54777764
08/01/2019 16:00:00,37.39,37.96,37.13,37.69,41025314
09/01/2019 16:00:00,37.82,38.63,37.41,38.33,45099081
10/01/2019 16:00:00,38.13,38.49,37.72,38.45,35780670
11/01/2019 16:00:00,38.22,38.42,37.88,38.07,27023241
14/01/2019 16:00:00,37.71,37.82,37.31,37.5,32439186
15/01/2019 16:00:00,37.57,38.35,37.51,38.27,28710324
16/01/2019 16:00:00,38.27,38.97,38.25,38.74,30569706
17/01/2019 16:00:00,38.55,39.42,38.32,38.97,29821160
18/01/2019 16:00:00,39.38,39.47,39,39.21,33751023
22/01/2019 16:00:00,39.1,39.18,38.16,38.33,30393970
23/01/2019 16:00:00,38.54,38.78,37.92,38.48,23130570
24/01/2019 16:00:00,38.53,38.62,37.94,38.17,25441549
25/01/2019 16:00:00,38.87,39.53,38.58,39.44,33547893
28/01/2019 16:00:00,38.95,39.08,38.42,39.08,26192058
29/01/2019 16:00:00,39.06,39.53,38.53,38.67,41587239
30/01/2019 16:00:00,40.81,41.54,40.06,41.31,61109780
31/01/2019 16:00:00,41.53,42.25,41.14,41.61,40739649
01/02/2019 16:00:00,41.74,42.25,41.48,41.63,32668138
04/02/2019 16:00:00,41.85,42.91,41.82,42.81,31495582
05/02/2019 16:00:00,43.22,43.77,43.09,43.55,36101628
06/02/2019 16:00:00,43.66,43.89,43.21,43.56,28239591
07/02/2019 16:00:00,43.1,43.49,42.59,42.74,31741690
08/02/2019 16:00:00,42.25,42.67,42.11,42.6,23819966
11/02/2019 16:00:00,42.76,42.8,42.31,42.36,20993425
12/02/2019 16:00:00,42.53,42.75,42.43,42.72,22283523
13/02/2019 16:00:00,42.85,43.12,42.48,42.55,22490233
14/02/2019 16:00:00,42.43,42.82,42.35,42.7,21835747
15/02/2019 16:00:00,42.81,42.93,42.44,42.61,24626814
19/02/2019 16:00:00,42.43,42.86,42.37,42.73,18972826
20/02/2019 16:00:00,42.8,43.33,42.75,43.01,26114362
21/02/2019 16:00:00,42.95,43.09,42.58,42.77,17249670
22/02/2019 16:00:00,42.9,43.25,42.85,43.24,18913154
25/02/2019 16:00:00,43.54,43.97,43.49,43.56,21873358
26/02/2019 16:00:00,43.43,43.83,43.29,43.58,17070211
27/02/2019 16:00:00,43.3,43.75,43.18,43.72,27835389
28/02/2019 16:00:00,43.58,43.73,43.23,43.29,28215416
01/03/2019 16:00:00,43.57,43.79,43.22,43.74,25886167
04/03/2019 16:00:00,43.92,44.44,43.49,43.96,27436203
05/03/2019 16:00:00,43.99,44,43.64,43.88,19737419
06/03/2019 16:00:00,43.67,43.87,43.49,43.63,20810384
07/03/2019 16:00:00,43.47,43.61,43.01,43.13,24796374
08/03/2019 16:00:00,42.58,43.27,42.38,43.23,23999358
11/03/2019 16:00:00,43.87,44.78,43.84,44.73,32011034
12/03/2019 16:00:00,45,45.67,44.84,45.23,32467584
13/03/2019 16:00:00,45.56,45.83,45.23,45.43,31032524
14/03/2019 16:00:00,45.98,46.03,45.64,45.93,23579508
15/03/2019 16:00:00,46.21,46.83,45.94,46.53,39042912
18/03/2019 16:00:00,46.45,47.1,46.45,47.01,26219832
19/03/2019 16:00:00,47.09,47.25,46.48,46.63,31646369
20/03/2019 16:00:00,46.56,47.37,46.18,47.04,31035231
21/03/2019 16:00:00,47.51,49.08,47.45,48.77,51034237
22/03/2019 16:00:00,48.84,49.42,47.7,47.76,42407666
25/03/2019 16:00:00,47.88,48,46.65,47.19,43845293
26/03/2019 16:00:00,47.92,48.22,46.15,46.7,49800538
27/03/2019 16:00:00,47.19,47.44,46.64,47.12,29848427
28/03/2019 16:00:00,47.24,47.39,46.88,47.18,20780363
29/03/2019 16:00:00,47.46,47.52,47.14,47.49,23563961
01/04/2019 16:00:00,47.91,47.92,47.1,47.81,27861964
02/04/2019 16:00:00,47.77,48.62,47.76,48.51,22765732
03/04/2019 16:00:00,48.31,49.13,48.29,48.84,23271830
04/04/2019 16:00:00,48.7,49.09,48.29,48.92,19114275
05/04/2019 16:00:00,49.11,49.28,48.98,49.25,18526644
08/04/2019 16:00:00,49.11,50.06,49.09,50.03,25881697
09/04/2019 16:00:00,50.08,50.71,49.81,49.88,35768237
10/04/2019 16:00:00,49.67,50.19,49.55,50.16,21695288
11/04/2019 16:00:00,50.21,50.25,49.61,49.74,20900808
12/04/2019 16:00:00,49.8,50.04,49.05,49.72,27760668
15/04/2019 16:00:00,49.65,49.96,49.5,49.81,17536646
16/04/2019 16:00:00,49.87,50.34,49.64,49.81,25696385
17/04/2019 16:00:00,49.89,50.85,49.65,50.78,28906780
18/04/2019 16:00:00,50.78,51.04,50.63,50.97,24195766
22/04/2019 16:00:00,50.71,51.24,50.59,51.13,19439545
23/04/2019 16:00:00,51.11,51.94,50.98,51.87,23322991
24/04/2019 16:00:00,51.84,52.12,51.76,51.79,17540609
25/04/2019 16:00:00,51.71,51.94,51.28,51.32,18543206
26/04/2019 16:00:00,51.23,51.25,50.53,51.08,18649102
29/04/2019 16:00:00,51.1,51.49,50.97,51.15,22204716
30/04/2019 16:00:00,50.77,50.85,49.78,50.17,46534923
01/05/2019 16:00:00,52.47,53.83,52.31,52.63,64827328
02/05/2019 16:00:00,52.46,53.16,52.03,52.29,31996324
03/05/2019 16:00:00,52.72,52.96,52.56,52.94,20892378
06/05/2019 16:00:00,51.07,52.21,50.88,52.12,32443113
07/05/2019 16:00:00,51.47,51.85,50.21,50.72,38763698
08/05/2019 16:00:00,50.48,51.34,50.44,50.73,26339504
09/05/2019 16:00:00,50.1,50.42,49.17,50.18,34908607
10/05/2019 16:00:00,49.35,49.71,48.19,49.3,41208712
13/05/2019 16:00:00,46.93,47.37,45.71,46.43,57430623
14/05/2019 16:00:00,46.6,47.43,46.35,47.17,36529677
15/05/2019 16:00:00,46.57,47.94,46.51,47.73,26544718
16/05/2019 16:00:00,47.48,48.12,47.21,47.52,33031364
17/05/2019 16:00:00,46.73,47.73,46.69,47.25,32879090
20/05/2019 16:00:00,45.88,46.09,45.07,45.77,38612290
21/05/2019 16:00:00,46.31,47,46.18,46.65,28364848
22/05/2019 16:00:00,46.17,46.43,45.64,45.7,29748556
23/05/2019 16:00:00,44.95,45.14,44.45,44.92,36529736
24/05/2019 16:00:00,45.05,45.54,44.66,44.74,23714686
28/05/2019 16:00:00,44.73,45.15,44.48,44.56,27948160
29/05/2019 16:00:00,44.11,44.84,44,44.35,28481165
30/05/2019 16:00:00,44.49,44.81,44.17,44.58,21218412
31/05/2019 16:00:00,44.06,44.5,43.75,43.77,27043584
03/06/2019 16:00:00,43.9,44.48,42.57,43.33,40396069
04/06/2019 16:00:00,43.86,44.96,43.63,44.91,30967961
05/06/2019 16:00:00,46.07,46.25,45.29,45.64,29773427
06/06/2019 16:00:00,45.77,46.37,45.54,46.31,22526311
07/06/2019 16:00:00,46.63,47.98,46.44,47.54,30684393
10/06/2019 16:00:00,47.95,48.84,47.91,48.15,26220851
11/06/2019 16:00:00,48.72,49,48.4,48.7,26932882
12/06/2019 16:00:00,48.49,48.99,48.35,48.55,18253189
13/06/2019 16:00:00,48.68,49.2,48.4,48.54,21674625
14/06/2019 16:00:00,47.89,48.4,47.58,48.19,18761474
17/06/2019 16:00:00,48.23,48.74,48.04,48.47,14669144
18/06/2019 16:00:00,49.01,50.07,48.8,49.61,26551004
19/06/2019 16:00:00,49.92,49.97,49.33,49.47,21124235
20/06/2019 16:00:00,50.09,50.15,49.51,49.87,21513988
21/06/2019 16:00:00,49.7,50.21,49.54,49.7,47800589
24/06/2019 16:00:00,49.64,50.04,49.54,49.65,18220421
25/06/2019 16:00:00,49.61,49.82,48.82,48.89,21070334
26/06/2019 16:00:00,49.44,50.25,49.34,49.95,26067512
27/06/2019 16:00:00,50.07,50.39,49.89,49.94,20899717
28/06/2019 16:00:00,49.67,49.87,49.26,49.48,31110642
01/07/2019 16:00:00,50.79,51.12,50.16,50.39,27316739
02/07/2019 16:00:00,50.35,50.78,50.34,50.68,16935217
03/07/2019 13:00:00,50.82,51.11,50.67,51.1,11362045
05/07/2019 16:00:00,50.84,51.27,50.73,51.06,17265518
08/07/2019 16:00:00,50.2,50.35,49.6,50.01,25338628
09/07/2019 16:00:00,49.8,50.38,49.7,50.31,20578015
10/07/2019 16:00:00,50.46,50.93,50.39,50.81,17897138
11/07/2019 16:00:00,50.83,51.1,50.43,50.44,20191842
12/07/2019 16:00:00,50.61,51,50.55,50.83,17595212
15/07/2019 16:00:00,51.02,51.47,51,51.3,16947420
16/07/2019 16:00:00,51.15,51.53,50.88,51.13,16866816
17/07/2019 16:00:00,51.01,51.27,50.82,50.84,14107450
18/07/2019 16:00:00,51,51.47,50.93,51.42,18582161
19/07/2019 16:00:00,51.45,51.63,50.59,50.65,20929307
22/07/2019 16:00:00,50.91,51.81,50.9,51.81,22277932
23/07/2019 16:00:00,52.12,52.23,51.82,52.21,18355210
24/07/2019 16:00:00,51.92,52.29,51.79,52.17,14991567
25/07/2019 16:00:00,52.22,52.31,51.68,51.76,13909562
26/07/2019 16:00:00,51.87,52.43,51.79,51.94,17618874
29/07/2019 16:00:00,52.12,52.66,52.11,52.42,21673389
30/07/2019 16:00:00,52.19,52.54,51.83,52.2,33935718
31/07/2019 16:00:00,54.11,55.34,52.83,53.26,69281361
01/08/2019 16:00:00,53.48,54.51,51.69,52.11,54017922
02/08/2019 16:00:00,51.38,51.61,50.41,51.01,40862122
05/08/2019 16:00:00,49.5,49.66,48.15,48.34,52392969
06/08/2019 16:00:00,49.08,49.52,48.51,49.25,35824787
07/08/2019 16:00:00,48.85,49.89,48.46,49.76,33364400
08/08/2019 16:00:00,50.05,50.88,49.85,50.86,27009523
09/08/2019 16:00:00,50.33,50.69,49.82,50.25,24619746
12/08/2019 16:00:00,49.91,50.51,49.79,50.12,22481889
13/08/2019 16:00:00,50.26,53.04,50.21,52.24,47539786
14/08/2019 16:00:00,50.79,51.61,50.65,50.69,36547443
15/08/2019 16:00:00,50.87,51.29,49.92,50.44,27883363
16/08/2019 16:00:00,51.07,51.79,50.96,51.63,28813624
19/08/2019 16:00:00,52.66,53.18,52.51,52.59,24431915
20/08/2019 16:00:00,52.72,53.34,52.58,52.59,26919529
21/08/2019 16:00:00,53.25,53.41,52.9,53.16,21564747
22/08/2019 16:00:00,53.3,53.61,52.69,53.12,22267819
23/08/2019 16:00:00,52.36,53.01,50.25,50.66,46882843
26/08/2019 16:00:00,51.47,51.8,51.26,51.62,26066130
27/08/2019 16:00:00,51.97,52.14,50.88,51.04,25897344
28/08/2019 16:00:00,51.03,51.43,50.83,51.38,15957632
29/08/2019 16:00:00,52.13,52.33,51.66,52.25,21007652
30/08/2019 16:00:00,52.54,52.61,51.8,52.19,21162561
03/09/2019 16:00:00,51.61,51.75,51.06,51.43,20059574
04/09/2019 16:00:00,52.1,52.37,51.83,52.3,19216820
05/09/2019 16:00:00,53,53.49,52.88,53.32,23946984
06/09/2019 16:00:00,53.51,53.61,53.13,53.32,19362294
09/09/2019 16:00:00,53.71,54.11,52.77,53.54,27309401
10/09/2019 16:00:00,53.47,54.2,52.93,54.18,31777931
11/09/2019 16:00:00,54.52,55.93,54.43,55.9,44289646
12/09/2019 16:00:00,56.2,56.61,55.72,55.77,32226669
13/09/2019 16:00:00,55,55.2,54.26,54.69,39763296
16/09/2019 16:00:00,54.43,55.03,54.39,54.98,21158141
17/09/2019 16:00:00,54.99,55.21,54.78,55.18,18386468
18/09/2019 16:00:00,55.27,55.71,54.86,55.69,25643093
19/09/2019 16:00:00,55.5,55.94,55.09,55.24,22187876
20/09/2019 16:00:00,55.35,55.64,54.37,54.43,57977094
23/09/2019 16:00:00,54.74,54.96,54.41,54.68,19419648
24/09/2019 16:00:00,55.26,55.62,54.3,54.42,31434367
25/09/2019 16:00:00,54.64,55.38,54.29,55.26,22481006
26/09/2019 16:00:00,55,55.24,54.71,54.97,19088312
27/09/2019 16:00:00,55.14,55.24,54.32,54.71,25361285
30/09/2019 16:00:00,55.23,56.15,55.2,55.99,26318583
01/10/2019 16:00:00,56.27,57.06,56.05,56.15,36187163
02/10/2019 16:00:00,55.77,55.9,54.48,54.74,35767257
03/10/2019 16:00:00,54.61,55.24,53.78,55.21,30352686
04/10/2019 16:00:00,56.41,56.87,55.97,56.75,34755553
07/10/2019 16:00:00,56.57,57.48,56.46,56.77,30889269
08/10/2019 16:00:00,56.46,57.02,56.08,56.1,29282700
09/10/2019 16:00:00,56.76,56.95,56.41,56.76,19029424
10/10/2019 16:00:00,56.98,57.61,56.83,57.52,28962984
11/10/2019 16:00:00,58.24,59.41,58.08,59.05,41990210
14/10/2019 16:00:00,58.73,59.53,58.67,58.97,24413484
15/10/2019 16:00:00,59.1,59.41,58.72,58.83,23040483
16/10/2019 16:00:00,58.34,58.81,58.3,58.59,19286694
17/10/2019 16:00:00,58.77,59.04,58.38,58.82,17272897
18/10/2019 16:00:00,58.65,59.4,58.57,59.1,24377166
21/10/2019 16:00:00,59.38,60.25,59.33,60.13,22367483
22/10/2019 16:00:00,60.29,60.55,59.91,59.99,22684001
23/10/2019 16:00:00,60.53,60.81,60.31,60.8,19932545
24/10/2019 16:00:00,61.13,61.2,60.45,60.9,17916255
25/10/2019 16:00:00,60.79,61.68,60.72,61.65,18369296
28/10/2019 16:00:00,61.86,62.31,61.68,62.26,24143241
29/10/2019 16:00:00,62.24,62.44,60.64,60.82,35709867
30/10/2019 16:00:00,61.19,61.33,60.3,60.82,31130522
31/10/2019 16:00:00,61.81,62.29,59.32,62.19,34790520
01/11/2019 16:00:00,62.39,63.98,62.29,63.96,37781334
04/11/2019 16:00:00,64.33,64.46,63.85,64.38,25817952
05/11/2019 16:00:00,64.26,64.55,64.08,64.28,19974427
06/11/2019 16:00:00,64.19,64.37,63.84,64.31,18966124
07/11/2019 16:00:00,64.69,65.09,64.53,64.86,23735083
08/11/2019 16:00:00,64.67,65.11,64.21,65.04,17520495
11/11/2019 16:00:00,64.58,65.62,64.57,65.55,20507459
12/11/2019 16:00:00,65.39,65.7,65.23,65.49,21847226
13/11/2019 16:00:00,65.28,66.19,65.27,66.12,25817593
14/11/2019 16:00:00,65.94,66.22,65.53,65.66,22395556
15/11/2019 16:00:00,65.92,66.44,65.75,66.44,25093666
18/11/2019 16:00:00,66.45,66.86,66.06,66.78,21700897
19/11/2019 16:00:00,66.97,67,66.35,66.57,19069597
20/11/2019 16:00:00,66.39,66.52,65.1,65.8,26609919
21/11/2019 16:00:00,65.92,66,65.3,65.5,30348778
22/11/2019 16:00:00,65.65,65.8,65.21,65.44,16331263
25/11/2019 16:00:00,65.68,66.61,65.63,66.59,21029517
26/11/2019 16:00:00,66.74,66.79,65.63,66.07,26334882
27/11/2019 16:00:00,66.4,67,66.33,66.96,16386122
29/11/2019 13:00:00,66.65,67,66.47,66.81,11654363
02/12/2019 16:00:00,66.82,67.06,65.86,66.04,23693550
03/12/2019 16:00:00,64.58,64.88,64.07,64.86,29377268
04/12/2019 16:00:00,65.27,65.83,65.17,65.44,16810388
05/12/2019 16:00:00,65.95,66.47,65.68,66.4,18661343
06/12/2019 16:00:00,66.87,67.75,66.83,67.68,26547493
09/12/2019 16:00:00,67.5,67.7,66.23,66.73,32182645
10/12/2019 16:00:00,67.15,67.52,66.47,67.12,22632383
11/12/2019 16:00:00,67.2,67.78,67.13,67.69,19723391
12/12/2019 16:00:00,66.94,68.14,66.83,67.86,34437042
13/12/2019 16:00:00,67.86,68.83,67.73,68.79,33432806
16/12/2019 16:00:00,69.25,70.2,69.25,69.97,32081105
17/12/2019 16:00:00,69.89,70.44,69.7,70.1,28575798
18/12/2019 16:00:00,69.95,70.47,69.78,69.94,29024687
19/12/2019 16:00:00,69.88,70.3,69.74,70.01,24626947
20/12/2019 16:00:00,70.56,70.66,69.64,69.86,69032743
23/12/2019 16:00:00,70.13,71.06,70.09,71,24677883
24/12/2019 13:00:00,71.17,71.22,70.73,71.07,12119714
26/12/2019 16:00:00,71.21,72.5,71.18,72.48,23334004
27/12/2019 16:00:00,72.78,73.49,72.03,72.45,36592936
30/12/2019 16:00:00,72.36,73.17,71.31,72.88,36059614
31/12/2019 16:00:00,72.48,73.42,72.38,73.41,25247625
02/01/2020 16:00:00,74.06,75.15,73.8,75.09,33911864
03/01/2020 16:00:00,74.29,75.15,74.13,74.36,36633878
06/01/2020 16:00:00,73.45,74.99,73.19,74.95,29644644
07/01/2020 16:00:00,74.96,75.22,74.37,74.6,27877655
08/01/2020 16:00:00,74.29,76.11,74.29,75.8,33090946
09/01/2020 16:00:00,76.81,77.61,76.55,77.41,42621542
10/01/2020 16:00:00,77.65,78.17,77.06,77.58,35217272
13/01/2020 16:00:00,77.91,79.27,77.79,79.24,30521722
14/01/2020 16:00:00,79.18,79.39,78.04,78.17,40653457
15/01/2020 16:00:00,77.96,78.88,77.39,77.83,30480882
16/01/2020 16:00:00,78.4,78.93,78.02,78.81,27207254
17/01/2020 16:00:00,79.07,79.69,78.75,79.68,34454117
21/01/2020 16:00:00,79.3,79.76,79,79.14,27710814
22/01/2020 16:00:00,79.65,80,79.33,79.43,25458115
23/01/2020 16:00:00,79.48,79.89,78.91,79.81,26117993
24/01/2020 16:00:00,80.06,80.83,79.38,79.58,36634380
27/01/2020 16:00:00,77.52,77.94,76.22,77.24,40485005
28/01/2020 16:00:00,78.15,79.6,78.05,79.42,40558486
29/01/2020 16:00:00,81.11,81.96,80.35,81.08,54149928
30/01/2020 16:00:00,80.14,81.02,79.69,80.97,31685808
31/01/2020 16:00:00,80.23,80.67,77.07,77.38,49897096
03/02/2020 16:00:00,76.08,78.37,75.56,77.17,43496401
04/02/2020 16:00:00,78.83,79.91,78.41,79.71,34154134
05/02/2020 16:00:00,80.88,81.19,79.74,80.36,29706718
06/02/2020 16:00:00,80.64,81.31,80.07,81.3,26356385
07/02/2020 16:00:00,80.59,80.85,79.5,80.01,29421012
10/02/2020 16:00:00,78.55,80.39,78.46,80.39,27337215
11/02/2020 16:00:00,80.9,80.97,79.68,79.9,23580780
12/02/2020 16:00:00,80.37,81.81,80.37,81.8,28432573
13/02/2020 16:00:00,81.05,81.56,80.84,81.22,23686892
14/02/2020 16:00:00,81.19,81.5,80.71,81.24,20028447
18/02/2020 16:00:00,78.84,79.94,78.65,79.75,38190545
19/02/2020 16:00:00,80,81.14,80,80.91,23495991
20/02/2020 16:00:00,80.66,81.16,79.55,80.08,25141489
21/02/2020 16:00:00,79.66,80.11,77.63,78.26,32426415
24/02/2020 16:00:00,74.32,76.05,72.31,74.55,55548828
25/02/2020 16:00:00,75.24,75.63,71.53,72.02,57668364
26/02/2020 16:00:00,71.63,74.47,71.63,73.16,49678431
27/02/2020 16:00:00,70.28,71.5,68.24,68.38,80151381
28/02/2020 16:00:00,64.32,69.6,64.09,68.34,106721230
02/03/2020 16:00:00,70.57,75.36,69.43,74.7,85349339
03/03/2020 16:00:00,75.92,76,71.45,72.33,79868852
04/03/2020 16:00:00,74.11,75.85,73.28,75.69,54794568
05/03/2020 16:00:00,73.88,74.89,72.85,73.23,46893219
06/03/2020 16:00:00,70.5,72.71,70.31,72.26,56544246
09/03/2020 16:00:00,65.94,69.52,65.75,66.54,71686208
10/03/2020 16:00:00,69.29,71.61,67.34,71.33,71322520
11/03/2020 16:00:00,69.35,70.31,67.97,68.86,64094970
12/03/2020 16:00:00,63.99,67.5,62,62.06,104618517
13/03/2020 16:00:00,66.22,69.98,63.24,69.49,92683032
16/03/2020 16:00:00,60.49,64.77,60,60.55,80605865
17/03/2020 16:00:00,61.88,64.4,59.6,63.22,81013965
18/03/2020 16:00:00,59.94,62.5,59.28,61.67,75058406
19/03/2020 16:00:00,61.85,63.21,60.65,61.2,67964255
20/03/2020 16:00:00,61.8,62.96,57,57.31,100423346
23/03/2020 16:00:00,57.02,57.12,53.15,56.09,84188208
24/03/2020 16:00:00,59.09,61.92,58.58,61.72,71882773
25/03/2020 16:00:00,62.69,64.56,61.08,61.38,75900510
26/03/2020 16:00:00,61.63,64.67,61.59,64.61,63140169
27/03/2020 16:00:00,63.19,63.97,61.76,61.94,51054153
30/03/2020 16:00:00,62.69,63.88,62.35,63.7,41994110
31/03/2020 16:00:00,63.9,65.62,63,63.57,49250501
01/04/2020 16:00:00,61.63,62.18,59.78,60.23,44054638
02/04/2020 16:00:00,60.09,61.29,59.23,61.23,41483493
03/04/2020 16:00:00,60.7,61.43,59.74,60.35,32470017
06/04/2020 16:00:00,62.73,65.78,62.35,65.62,50455071
07/04/2020 16:00:00,67.7,67.93,64.75,64.86,50721831
08/04/2020 16:00:00,65.69,66.84,65.31,66.52,42223821
09/04/2020 16:00:00,67.18,67.52,66.18,67,40529123
13/04/2020 16:00:00,67.08,68.43,66.46,68.31,32755731
14/04/2020 16:00:00,70,72.06,69.51,71.76,48748672
15/04/2020 16:00:00,70.6,71.58,70.16,71.11,32788641
16/04/2020 16:00:00,71.85,72.05,70.59,71.67,39281290
17/04/2020 16:00:00,71.17,71.74,69.22,70.7,53812478
20/04/2020 16:00:00,69.49,70.42,69.21,69.23,32503750
21/04/2020 16:00:00,69.07,69.31,66.36,67.09,45247893
22/04/2020 16:00:00,68.4,69.47,68.05,69.03,29264342
23/04/2020 16:00:00,68.97,70.44,68.72,68.76,31203582
24/04/2020 16:00:00,69.3,70.75,69.25,70.74,31627183
27/04/2020 16:00:00,70.45,71.14,69.99,70.79,29271893
28/04/2020 16:00:00,71.27,71.46,69.55,69.65,28001187
29/04/2020 16:00:00,71.18,72.42,70.97,71.93,34320204
30/04/2020 16:00:00,72.49,73.63,72.09,73.45,45765968
01/05/2020 16:00:00,71.56,74.75,71.46,72.27,60154175
04/05/2020 16:00:00,72.29,73.42,71.58,73.29,33391986
05/05/2020 16:00:00,73.77,75.25,73.61,74.39,36937795
06/05/2020 16:00:00,75.11,75.81,74.72,75.16,35583438
07/05/2020 16:00:00,75.81,76.29,75.49,75.94,28803764
08/05/2020 16:00:00,76.41,77.59,76.07,77.53,33511985
11/05/2020 16:00:00,77.03,79.26,76.81,78.75,36486561
12/05/2020 16:00:00,79.46,79.92,77.73,77.85,40575263
13/05/2020 16:00:00,78.04,78.99,75.8,76.91,50155639
14/05/2020 16:00:00,76.13,77.45,75.38,77.39,39732269
15/05/2020 16:00:00,75.09,76.97,75.05,76.93,41587094
18/05/2020 16:00:00,78.29,79.13,77.58,78.74,33843125
19/05/2020 16:00:00,78.76,79.63,78.25,78.29,25432385
20/05/2020 16:00:00,79.17,79.88,79.05,79.81,27876215
21/05/2020 16:00:00,79.67,80.22,78.97,79.21,25672211
22/05/2020 16:00:00,78.94,79.81,78.84,79.72,20450754
26/05/2020 16:00:00,80.88,81.06,79.13,79.18,31380454
27/05/2020 16:00:00,79.04,79.68,78.27,79.53,28236274
28/05/2020 16:00:00,79.19,80.86,78.91,79.56,33449103
29/05/2020 16:00:00,79.81,80.29,79.12,79.49,38399532
01/06/2020 16:00:00,79.44,80.59,79.3,80.46,20254653
02/06/2020 16:00:00,80.19,80.86,79.73,80.83,21910704
03/06/2020 16:00:00,81.17,81.55,80.58,81.28,26122804
04/06/2020 16:00:00,81.1,81.41,80.19,80.58,21890091
05/06/2020 16:00:00,80.84,82.94,80.81,82.88,34312550
08/06/2020 16:00:00,82.56,83.4,81.83,83.37,23913634
09/06/2020 16:00:00,83.04,86.4,83,86,36928091
10/06/2020 16:00:00,86.98,88.69,86.52,88.21,41662938
11/06/2020 16:00:00,87.33,87.77,83.87,83.98,50415613
12/06/2020 16:00:00,86.18,86.95,83.56,84.7,50036513
15/06/2020 16:00:00,83.31,86.42,83.15,85.75,34702230
16/06/2020 16:00:00,87.87,88.3,86.18,88.02,41357182
17/06/2020 16:00:00,88.79,88.85,87.77,87.9,28601626
18/06/2020 16:00:00,87.85,88.36,87.31,87.93,24205096
19/06/2020 16:00:00,88.66,89.14,86.29,87.43,66118952
22/06/2020 16:00:00,87.84,89.87,87.79,89.72,33861316
23/06/2020 16:00:00,91,93.1,90.57,91.63,53038869
24/06/2020 16:00:00,91.25,92.2,89.63,90.02,48155849
25/06/2020 16:00:00,90.18,91.25,89.39,91.21,34380628
26/06/2020 16:00:00,91.1,91.33,88.26,88.41,51314211
29/06/2020 16:00:00,88.31,90.54,87.82,90.45,32661519
30/06/2020 16:00:00,90.02,91.5,90,91.2,35055821
01/07/2020 16:00:00,91.28,91.84,90.98,91.03,27684309
02/07/2020 16:00:00,91.96,92.62,90.91,91.03,28510367
06/07/2020 16:00:00,92.5,93.95,92.47,93.46,29663913
07/07/2020 16:00:00,93.85,94.66,93.06,93.17,28106114
08/07/2020 16:00:00,94.18,95.38,94.09,95.34,29272970
09/07/2020 16:00:00,96.26,96.32,94.67,95.68,31410652
10/07/2020 16:00:00,95.34,95.98,94.71,95.92,22564330
13/07/2020 16:00:00,97.27,99.96,95.26,95.48,47912285
14/07/2020 16:00:00,94.84,97.26,93.88,97.06,42747341
15/07/2020 16:00:00,98.99,99.25,96.49,97.73,38299483
16/07/2020 16:00:00,96.56,97.41,95.91,96.52,27644418
17/07/2020 16:00:00,96.99,97.15,95.84,96.33,23046725
20/07/2020 16:00:00,96.42,98.5,96.06,98.36,22579477
21/07/2020 16:00:00,99.17,99.25,96.74,97,25911459
22/07/2020 16:00:00,96.69,97.98,96.6,97.27,22250413
23/07/2020 16:00:00,97,97.08,92.01,92.85,49251108
24/07/2020 16:00:00,90.99,92.97,89.15,92.62,46359716
27/07/2020 16:00:00,93.71,94.91,93.48,94.81,30303548
28/07/2020 16:00:00,94.37,94.55,93.25,93.25,25906375
29/07/2020 16:00:00,93.75,95.23,93.71,95.04,22582314
30/07/2020 16:00:00,94.19,96.3,93.77,96.19,39532505
31/07/2020 16:00:00,102.88,106.42,100.83,106.26,93573867
03/08/2020 16:00:00,108.2,111.64,107.89,108.94,77037847
04/08/2020 16:00:00,109.13,110.79,108.39,109.67,43198092
05/08/2020 16:00:00,109.38,110.39,108.9,110.06,30497988
06/08/2020 16:00:00,110.41,114.41,109.8,113.9,50607225
07/08/2020 16:00:00,113.21,113.68,110.29,111.11,49511403
10/08/2020 16:00:00,112.6,113.78,110,112.73,53100856
11/08/2020 16:00:00,111.97,112.48,109.11,109.38,46975594
12/08/2020 16:00:00,110.5,113.28,110.3,113.01,41486205
13/08/2020 16:00:00,114.43,116.04,113.93,115.01,52520516
14/08/2020 16:00:00,114.83,115,113.05,114.91,41391302
17/08/2020 16:00:00,116.06,116.09,113.96,114.61,29890361
18/08/2020 16:00:00,114.35,116,114.01,115.56,26408385
19/08/2020 16:00:00,115.98,117.16,115.61,115.71,36384502
20/08/2020 16:00:00,115.75,118.39,115.73,118.28,31726797
21/08/2020 16:00:00,119.26,124.87,119.25,124.37,84513660
24/08/2020 16:00:00,128.7,128.79,123.94,125.86,86484442
25/08/2020 16:00:00,124.7,125.18,123.05,124.83,52873947
26/08/2020 16:00:00,126.18,126.99,125.08,126.52,40755567
27/08/2020 16:00:00,127.14,127.49,123.83,125.01,38888096
28/08/2020 16:00:00,126.01,126.44,124.58,124.81,46907479
31/08/2020 16:00:00,127.58,131,126,129.04,225702688
01/09/2020 16:00:00,132.76,134.8,130.53,134.18,152470142
02/09/2020 16:00:00,137.59,137.98,127,131.4,200118991
03/09/2020 16:00:00,126.91,128.84,120.5,120.88,257599640
04/09/2020 16:00:00,120.07,123.7,110.89,120.96,332607163
08/09/2020 16:00:00,113.95,118.99,112.68,112.82,231366563
09/09/2020 16:00:00,117.26,119.14,115.26,117.32,176940455
10/09/2020 16:00:00,120.36,120.5,112.5,113.49,182274391
11/09/2020 16:00:00,114.57,115.23,110,112,180860325
14/09/2020 16:00:00,114.72,115.93,112.8,115.36,140150087
15/09/2020 16:00:00,118.33,118.83,113.61,115.54,184642039
16/09/2020 16:00:00,115.23,116,112.04,112.13,155026675
17/09/2020 16:00:00,109.72,112.2,108.71,110.34,178010968
18/09/2020 16:00:00,110.4,110.88,106.09,106.84,287104882
21/09/2020 16:00:00,104.54,110.19,103.1,110.08,195713815
22/09/2020 16:00:00,112.68,112.86,109.16,111.81,183055373
23/09/2020 16:00:00,111.62,112.11,106.77,107.12,150718671
24/09/2020 16:00:00,105.17,110.25,105,108.22,167743349
25/09/2020 16:00:00,108.43,112.44,107.67,112.28,149981441
28/09/2020 16:00:00,115.01,115.32,112.78,114.96,137672403
29/09/2020 16:00:00,114.55,115.31,113.57,114.09,100060526
30/09/2020 16:00:00,113.79,117.26,113.62,115.81,142675184
01/10/2020 16:00:00,117.64,117.72,115.83,116.79,116120440
02/10/2020 16:00:00,112.89,115.37,112.22,113.02,144711986
05/10/2020 16:00:00,113.91,116.65,113.55,116.5,106243839
06/10/2020 16:00:00,115.7,116.12,112.25,113.16,161498212
07/10/2020 16:00:00,114.62,115.55,114.13,115.08,96848985
08/10/2020 16:00:00,116.25,116.4,114.59,114.97,83477153
09/10/2020 16:00:00,115.28,117,114.92,116.97,100506865
12/10/2020 16:00:00,120.06,125.18,119.28,124.4,240226769
13/10/2020 16:00:00,125.27,125.39,119.65,121.1,262330451
14/10/2020 16:00:00,121,123.03,119.62,121.19,151062308
15/10/2020 16:00:00,118.72,121.2,118.15,120.71,112559219
16/10/2020 16:00:00,121.28,121.55,118.81,119.02,115393808
19/10/2020 16:00:00,119.96,120.42,115.66,115.98,120639337
20/10/2020 16:00:00,116.2,118.98,115.63,117.51,124423728
21/10/2020 16:00:00,116.67,118.71,116.45,116.87,89945980
22/10/2020 16:00:00,117.45,118.04,114.59,115.75,101987954
23/10/2020 16:00:00,116.39,116.55,114.28,115.04,82572645
26/10/2020 16:00:00,114.01,116.55,112.88,115.05,111850657
27/10/2020 16:00:00,115.49,117.28,114.54,116.6,92276772
28/10/2020 16:00:00,115.05,115.43,111.1,111.2,143937823
29/10/2020 16:00:00,112.37,116.93,112.2,115.32,146129173
30/10/2020 16:00:00,111.06,111.99,107.72,108.86,190573476
02/11/2020 16:00:00,109.11,110.68,107.32,108.77,122866899
03/11/2020 16:00:00,109.66,111.49,108.73,110.44,107624448
04/11/2020 16:00:00,114.14,115.59,112.35,114.95,138235482
05/11/2020 16:00:00,117.95,119.62,116.87,119.03,126387074
06/11/2020 16:00:00,118.32,119.2,116.13,118.69,114457922
09/11/2020 16:00:00,120.5,121.99,116.05,116.32,154515315
10/11/2020 16:00:00,115.55,117.59,114.13,115.97,138023390
11/11/2020 16:00:00,117.19,119.63,116.44,119.49,112294954
12/11/2020 16:00:00,119.62,120.53,118.57,119.21,103350674
13/11/2020 16:00:00,119.44,119.67,117.87,119.26,81688586
16/11/2020 16:00:00,118.92,120.99,118.15,120.3,91183018
17/11/2020 16:00:00,119.55,120.67,118.96,119.39,74270973
18/11/2020 16:00:00,118.61,119.82,118,118.03,76322111
19/11/2020 16:00:00,117.59,119.06,116.81,118.64,74112972
20/11/2020 16:00:00,118.64,118.77,117.29,117.34,73604287
23/11/2020 16:00:00,117.18,117.62,113.75,113.85,127959318
24/11/2020 16:00:00,113.91,115.85,112.59,115.17,113874218
25/11/2020 16:00:00,115.55,116.75,115.17,116.03,76499234
27/11/2020 13:00:00,116.57,117.49,116.22,116.59,46691331
30/11/2020 16:00:00,116.97,120.97,116.81,119.05,169410176
01/12/2020 16:00:00,121.01,123.47,120.01,122.72,128166803
02/12/2020 16:00:00,122.02,123.37,120.89,123.08,89004195
03/12/2020 16:00:00,123.52,123.78,122.21,122.94,78967630
04/12/2020 16:00:00,122.6,122.86,121.52,122.25,78260421
07/12/2020 16:00:00,122.31,124.57,122.25,123.75,86711990
08/12/2020 16:00:00,124.37,124.98,123.09,124.38,82225512
09/12/2020 16:00:00,124.53,125.95,121,121.78,115089193
10/12/2020 16:00:00,120.5,123.87,120.15,123.24,81312170
11/12/2020 16:00:00,122.43,122.76,120.55,122.41,86939786
14/12/2020 16:00:00,122.6,123.35,121.54,121.78,79075988
15/12/2020 16:00:00,124.34,127.9,124.13,127.88,157572262
16/12/2020 16:00:00,127.41,128.37,126.56,127.81,98208591
17/12/2020 16:00:00,128.9,129.58,128.04,128.7,94359811
18/12/2020 16:00:00,128.96,129.1,126.12,126.66,192541496
21/12/2020 16:00:00,125.02,128.31,123.45,128.23,121251553
22/12/2020 16:00:00,131.61,134.41,129.65,131.88,169351825
23/12/2020 16:00:00,132.16,132.43,130.78,130.96,88223692
24/12/2020 13:00:00,131.32,133.46,131.1,131.97,54930064
28/12/2020 16:00:00,133.99,137.34,133.51,136.69,124486237
29/12/2020 16:00:00,138.05,138.79,134.34,134.87,121047324
30/12/2020 16:00:00,135.58,135.99,133.4,133.72,96452124
